-- MySQL dump 10.13  Distrib 8.0.43, for macos15 (arm64)
--
-- Host: localhost    Database: temp_db
-- ------------------------------------------------------
-- Server version	9.4.0

/*!40101 SET @OLD_CHARACTER_SET_CLIENT=@@CHARACTER_SET_CLIENT */;
/*!40101 SET @OLD_CHARACTER_SET_RESULTS=@@CHARACTER_SET_RESULTS */;
/*!40101 SET @OLD_COLLATION_CONNECTION=@@COLLATION_CONNECTION */;
/*!50503 SET NAMES utf8 */;
/*!40103 SET @OLD_TIME_ZONE=@@TIME_ZONE */;
/*!40103 SET TIME_ZONE='+00:00' */;
/*!40014 SET @OLD_UNIQUE_CHECKS=@@UNIQUE_CHECKS, UNIQUE_CHECKS=0 */;
/*!40014 SET @OLD_FOREIGN_KEY_CHECKS=@@FOREIGN_KEY_CHECKS, FOREIGN_KEY_CHECKS=0 */;
/*!40101 SET @OLD_SQL_MODE=@@SQL_MODE, SQL_MODE='NO_AUTO_VALUE_ON_ZERO' */;
/*!40111 SET @OLD_SQL_NOTES=@@SQL_NOTES, SQL_NOTES=0 */;

--
-- Table structure for table `Allergen`
--

DROP TABLE IF EXISTS `Allergen`;
/*!40101 SET @saved_cs_client     = @@character_set_client */;
/*!50503 SET character_set_client = utf8mb4 */;
CREATE TABLE `Allergen` (
  `allergen_id` int NOT NULL AUTO_INCREMENT,
  `ingredient_name` varchar(50) NOT NULL,
  PRIMARY KEY (`allergen_id`)
) ENGINE=InnoDB AUTO_INCREMENT=131 DEFAULT CHARSET=utf8mb4 COLLATE=utf8mb4_0900_ai_ci;
/*!40101 SET character_set_client = @saved_cs_client */;

--
-- Dumping data for table `Allergen`
--

LOCK TABLES `Allergen` WRITE;
/*!40000 ALTER TABLE `Allergen` DISABLE KEYS */;
INSERT INTO `Allergen` VALUES (1,'우유'),(2,'계란'),(3,'대두'),(4,'밀'),(5,'땅콩'),(6,'호두'),(7,'잣'),(8,'새우'),(9,'게'),(10,'오징어'),(11,'고등어'),(12,'조개류'),(13,'복숭아'),(14,'토마토'),(15,'메밀'),(16,'아황산류'),(17,'닭고기'),(18,'돼지고기'),(19,'소고기'),(20,'전복'),(21,'홍합'),(22,'키위'),(23,'바나나'),(24,'오렌지'),(25,'참깨'),(26,'들깨'),(27,'젤라틴'),(28,'이산화황'),(29,'난류'),(30,'갑각류'),(31,'아몬드'),(32,'캐슈넛'),(33,'피스타치오'),(34,'마카다미아'),(35,'밤'),(36,'도토리'),(37,'은행'),(38,'참치'),(39,'연어'),(40,'멸치'),(41,'꽁치'),(42,'굴'),(43,'해삼'),(44,'멍게'),(45,'문어'),(46,'낙지'),(47,'주꾸미'),(48,'번데기'),(49,'메뚜기'),(50,'누에'),(51,'딸기'),(52,'사과'),(53,'배'),(54,'포도'),(55,'자두'),(56,'체리'),(57,'망고'),(58,'파인애플'),(59,'코코넛'),(60,'참외'),(61,'수박'),(62,'멜론'),(63,'감'),(64,'귤'),(65,'한라봉'),(66,'레몬'),(67,'자몽'),(68,'라임'),(69,'무화과'),(70,'석류'),(71,'블루베리'),(72,'라즈베리'),(73,'크랜베리'),(74,'아보카도'),(75,'두리안'),(76,'람부탄'),(77,'리치'),(78,'패션후르츠'),(79,'용과'),(80,'스타후르츠'),(81,'알로에'),(82,'인삼'),(83,'더덕'),(84,'도라지'),(85,'칡'),(86,'생강'),(87,'마늘'),(88,'양파'),(89,'파'),(90,'고추'),(91,'후추'),(92,'겨자'),(93,'고추냉이'),(94,'카레'),(95,'계피'),(96,'정향'),(97,'육두구'),(98,'월계수잎'),(99,'바질'),(100,'오레가노'),(101,'로즈마리'),(102,'타임'),(103,'세이지'),(104,'민트'),(105,'캐모마일'),(106,'라벤더'),(107,'히비스커스'),(108,'루이보스'),(109,'마테'),(110,'녹차'),(111,'홍차'),(112,'커피'),(113,'초콜릿'),(114,'꿀'),(115,'로열젤리'),(116,'프로폴리스'),(117,'화분'),(118,'실크'),(119,'양모'),(120,'오리털'),(121,'거위털'),(122,'고양이털'),(123,'개털'),(124,'집먼지진드기'),(125,'곰팡이'),(126,'꽃가루'),(127,'페니실린'),(128,'아스피린'),(129,'항생제'),(130,'소염제');
/*!40000 ALTER TABLE `Allergen` ENABLE KEYS */;
UNLOCK TABLES;

--
-- Table structure for table `Child`
--

DROP TABLE IF EXISTS `Child`;
/*!40101 SET @saved_cs_client     = @@character_set_client */;
/*!50503 SET character_set_client = utf8mb4 */;
CREATE TABLE `Child` (
  `child_id` int NOT NULL AUTO_INCREMENT,
  `user_id` int NOT NULL,
  `nickname` varchar(30) DEFAULT NULL,
  `child_name` varchar(50) NOT NULL,
  `birth_date` date DEFAULT NULL,
  `gender` enum('남아','여아') DEFAULT NULL,
  PRIMARY KEY (`child_id`),
  KEY `user_id` (`user_id`),
  CONSTRAINT `child_ibfk_1` FOREIGN KEY (`user_id`) REFERENCES `User` (`user_id`) ON DELETE CASCADE
) ENGINE=InnoDB AUTO_INCREMENT=181 DEFAULT CHARSET=utf8mb4 COLLATE=utf8mb4_0900_ai_ci;
/*!40101 SET character_set_client = @saved_cs_client */;

--
-- Dumping data for table `Child`
--

LOCK TABLES `Child` WRITE;
/*!40000 ALTER TABLE `Child` DISABLE KEYS */;
INSERT INTO `Child` VALUES (1,1,'민준이','김하준','2022-03-15','남아'),(2,4,'수빈이','최서아','2023-01-20','여아'),(3,6,'민서','조은우','2022-08-10','남아'),(4,8,'도윤이','임지안','2023-05-25','여아'),(5,10,'예은이','송선우','2022-11-30','남아'),(6,11,'지민이','오하은','2023-07-12','여아'),(7,13,'하윤이','정시우','2022-02-18','남아'),(8,15,'나은이','권다은','2023-09-05','여아'),(9,17,'서아','안지호','2022-04-22','남아'),(10,19,'다은이','허준서','2023-12-01','남아'),(11,21,'하은이','김지유','2022-06-08','여아'),(12,23,'서아','박하준','2023-10-14','남아'),(13,25,'지유','강서윤','2022-01-28','여아'),(14,27,'서윤이','윤은우','2023-08-17','남아'),(15,29,'지안이','황선우','2022-03-03','남아'),(16,1,'민준이 둘째','김하윤','2023-11-11','여아'),(17,4,'수빈이 둘째','최시우','2022-05-24','남아'),(18,6,'민서 둘째','조건우','2023-09-09','남아'),(19,8,'도윤이 둘째','임다은','2022-07-07','여아'),(20,10,'예은이 둘째','송지호','2023-04-04','남아'),(21,11,'지민이 둘째','오준서','2022-01-15','남아'),(22,13,'하윤이 둘째','정지유','2023-05-20','여아'),(23,15,'나은이 둘째','권하준','2022-08-10','남아'),(24,17,'서아 둘째','안서윤','2023-03-25','여아'),(25,19,'다은이 둘째','허은우','2022-11-30','남아'),(26,21,'하은이 둘째','김선우','2023-07-12','남아'),(27,23,'서아 둘째','박지안','2022-02-18','여아'),(28,25,'지유 둘째','강하은','2023-09-05','여아'),(29,27,'서윤이 둘째','윤시우','2022-04-22','남아'),(30,29,'지안이 둘째','황건우','2023-12-01','남아'),(31,31,'서준이 아들','박도윤','2022-01-01','남아'),(32,33,'중기 아들','송민준','2022-02-01','남아'),(33,35,'공유 아들','공지훈','2022-03-01','남아'),(34,37,'동욱 딸','이서아','2022-04-01','여아'),(35,39,'현빈 아들','김주원','2022-05-01','남아'),(36,41,'정석 딸','조윤서','2022-06-01','여아'),(37,43,'선호 아들','김두식','2022-07-01','남아'),(38,45,'제훈 아들','이제훈','2022-08-01','남아'),(39,47,'태오 아들','강준호','2022-09-01','남아'),(40,49,'민호 아들','이준표','2022-10-01','남아'),(41,51,'주혁 아들','남주혁','2022-11-01','남아'),(42,53,'창욱 아들','지창욱','2022-12-01','남아'),(43,55,'종석 아들','이종석','2023-01-01','남아'),(44,57,'보검 아들','박보검','2023-02-01','남아'),(45,59,'강준 아들','서강준','2023-03-01','남아'),(46,61,'은우 아들','차은우','2023-04-01','남아'),(47,63,'효섭 아들','안효섭','2023-05-01','남아'),(48,65,'로운 아들','김로운','2023-06-01','남아'),(49,67,'재욱 아들','이재욱','2023-07-01','남아'),(50,69,'인엽 아들','황인엽','2023-08-01','남아'),(51,71,'하준 아들','위하준','2023-09-01','남아'),(52,73,'민규 아들','김민규','2023-10-01','남아'),(53,75,'송강 아들','송강','2023-11-01','남아'),(54,77,'도현 아들','이도현','2023-12-01','남아'),(55,79,'종협 아들','채종협','2022-01-15','남아'),(56,81,'승호 아들','유승호','2022-02-15','남아'),(57,83,'진구 아들','여진구','2022-03-15','남아'),(58,85,'다름 아들','남다름','2022-04-15','남아'),(59,87,'찬영 아들','윤찬영','2022-05-15','남아'),(60,89,'훈이 아들','강훈','2022-06-15','남아'),(61,91,'지수 딸','김지수','2022-07-15','여아'),(62,93,'보현 아들','안보현','2022-08-15','남아'),(63,95,'우식 아들','최우식','2022-09-15','남아'),(64,97,'교환 아들','구교환','2022-10-15','남아'),(65,99,'궁민 아들','남궁민','2022-11-15','남아'),(66,101,'상엽 아들','이상엽','2022-12-15','남아'),(67,103,'준호 아들','이준호','2023-01-15','남아'),(68,105,'나라 딸','권나라','2023-02-15','여아'),(69,107,'예은 딸','신예은','2023-03-15','여아'),(70,109,'민현 아들','황민현','2023-04-15','남아'),(71,111,'민기 아들','이민기','2023-05-15','남아'),(72,113,'기용 아들','장기용','2023-06-15','남아'),(73,115,'연석 아들','유연석','2023-07-15','남아'),(74,117,'경호 아들','정경호','2023-08-15','남아'),(75,119,'대명 아들','김대명','2023-09-15','남아'),(76,121,'현빈 딸','신현빈','2023-10-15','여아'),(77,123,'현성 아들','배현성','2023-11-15','남아'),(78,125,'솔로몬 아들','박솔로몬','2023-12-15','남아'),(79,127,'승리 딸','하승리','2022-01-25','여아'),(80,129,'석용 아들','정석용','2022-02-25','남아'),(81,31,'서준이 딸','박서연','2023-03-25','여아'),(82,33,'중기 딸','송지우','2023-04-25','여아'),(83,35,'공유 딸','공하윤','2023-05-25','여아'),(84,37,'동욱 아들','이시우','2023-06-25','남아'),(85,39,'현빈 딸','김라임','2023-07-25','여아'),(86,41,'정석 아들','조이준','2023-08-25','남아'),(87,43,'선호 딸','김혜진','2023-09-25','여아'),(88,45,'제훈 딸','이수연','2023-10-25','여아'),(89,47,'태오 딸','강지안','2023-11-25','여아'),(90,49,'민호 딸','이세령','2023-12-25','여아'),(91,51,'주혁 딸','남주혁','2022-01-05','여아'),(92,53,'창욱 딸','지창욱','2022-02-05','여아'),(93,55,'종석 딸','이종석','2022-03-05','여아'),(94,57,'보검 딸','박보검','2022-04-05','여아'),(95,59,'강준 딸','서강준','2022-05-05','여아'),(96,61,'은우 딸','차은우','2022-06-05','여아'),(97,63,'효섭 딸','안효섭','2022-07-05','여아'),(98,65,'로운 딸','김로운','2022-08-05','여아'),(99,67,'재욱 딸','이재욱','2022-09-05','여아'),(100,69,'인엽 딸','황인엽','2022-10-05','여아'),(101,71,'하준 딸','위하준','2022-11-05','여아'),(102,73,'민규 딸','김민규','2022-12-05','여아'),(103,75,'송강 딸','송강','2023-01-05','여아'),(104,77,'도현 딸','이도현','2023-02-05','여아'),(105,79,'종협 딸','채종협','2023-03-05','여아'),(106,81,'승호 딸','유승호','2023-04-05','여아'),(107,83,'진구 딸','여진구','2023-05-05','여아'),(108,85,'다름 딸','남다름','2023-06-05','여아'),(109,87,'찬영 딸','윤찬영','2023-07-05','여아'),(110,89,'훈이 딸','강훈','2023-08-05','여아'),(111,91,'지수 아들','김지수','2023-09-05','남아'),(112,93,'보현 딸','안보현','2023-10-05','여아'),(113,95,'우식 딸','최우식','2023-11-05','여아'),(114,97,'교환 딸','구교환','2023-12-05','여아'),(115,99,'궁민 딸','남궁민','2022-01-20','여아'),(116,101,'상엽 딸','이상엽','2022-02-20','여아'),(117,103,'준호 딸','이준호','2022-03-20','여아'),(118,105,'나라 아들','권나라','2022-04-20','남아'),(119,107,'예은 아들','신예은','2022-05-20','남아'),(120,109,'민현 딸','황민현','2022-06-20','여아'),(121,111,'민기 딸','이민기','2022-07-20','여아'),(122,113,'기용 딸','장기용','2022-08-20','여아'),(123,115,'연석 딸','유연석','2022-09-20','여아'),(124,117,'경호 딸','정경호','2022-10-20','여아'),(125,119,'대명 딸','김대명','2022-11-20','여아'),(126,121,'현빈 아들','신현빈','2022-12-20','남아'),(127,123,'현성 딸','배현성','2023-01-20','여아'),(128,125,'솔로몬 딸','박솔로몬','2023-02-20','여아'),(129,127,'승리 아들','하승리','2023-03-20','남아'),(130,129,'석용 딸','정석용','2023-04-20','여아'),(131,31,'하늘이','박하늘','2022-05-10','여아'),(132,33,'소율이','김소율','2023-01-20','여아'),(133,35,'로운이','이로운','2022-07-18','남아'),(134,37,'아윤이','최아윤','2023-03-05','여아'),(135,39,'이안이','강이안','2022-11-22','남아'),(136,41,'지아','조지아','2023-08-14','여아'),(137,43,'수호','윤수호','2022-04-01','남아'),(138,45,'아인이','임아인','2023-06-28','여아'),(139,47,'유찬이','황유찬','2022-10-11','남아'),(140,49,'나은이','송나은','2023-02-19','여아'),(141,51,'이준이','오이준','2022-09-03','남아'),(142,53,'서우','한서우','2023-07-25','여아'),(143,55,'로하','정로하','2022-01-12','남아'),(144,57,'지유','신지유','2023-11-08','여아'),(145,59,'시안이','권시안','2022-06-06','남아'),(146,61,'채아','장채아','2023-04-17','여아'),(147,63,'건후','안건후','2022-12-24','남아'),(148,65,'다엘이','백다엘','2023-09-30','여아'),(149,67,'이든이','허이든','2022-02-28','남아'),(150,69,'나율이','문나율','2023-10-02','여아'),(151,71,'주원','김주원','2022-08-21','남아'),(152,73,'하엘이','이하엘','2023-05-16','여아'),(153,75,'지오','박지오','2022-03-29','남아'),(154,77,'서아','최서아','2023-12-13','여아'),(155,79,'유누','강유누','2022-07-09','남아'),(156,81,'소이','조소이','2023-02-04','여아'),(157,83,'라온이','윤라온','2022-11-15','남아'),(158,85,'이서','임이서','2023-08-22','여아'),(159,87,'태리','황태리','2022-05-27','여아'),(160,89,'해준이','송해준','2023-01-08','남아'),(161,91,'시아','오시아','2022-10-19','여아'),(162,93,'서진이','한서진','2023-06-01','남아'),(163,95,'다온이','정다온','2022-04-25','여아'),(164,97,'재이','신재이','2023-11-30','여아'),(165,99,'이현이','권이현','2022-09-13','남아'),(166,101,'아리','장아리','2023-07-07','여아'),(167,103,'윤재','안윤재','2022-01-02','남아'),(168,105,'봄이','백봄','2023-08-08','여아'),(169,107,'가온이','허가온','2022-03-18','남아'),(170,109,'슬아','문슬아','2023-12-25','여아'),(171,111,'라엘이','김라엘','2022-08-03','여아'),(172,113,'노아','이노아','2023-04-11','남아'),(173,115,'새봄이','박새봄','2022-06-14','여아'),(174,117,'해솔이','최해솔','2023-10-27','남아'),(175,119,'다인','강다인','2022-12-09','여아'),(176,121,'수현','조수현','2023-02-11','남아'),(177,123,'지안','윤지안','2022-07-30','여아'),(178,125,'은성','임은성','2023-05-04','남아'),(179,127,'하람','황하람','2022-11-01','여아'),(180,129,'태양','송태양','2023-09-19','남아');
/*!40000 ALTER TABLE `Child` ENABLE KEYS */;
UNLOCK TABLES;

--
-- Table structure for table `ChildAllergy`
--

DROP TABLE IF EXISTS `ChildAllergy`;
/*!40101 SET @saved_cs_client     = @@character_set_client */;
/*!50503 SET character_set_client = utf8mb4 */;
CREATE TABLE `ChildAllergy` (
  `allergy_id` int NOT NULL AUTO_INCREMENT,
  `child_id` int NOT NULL,
  `allergen_id` int NOT NULL,
  PRIMARY KEY (`allergy_id`),
  UNIQUE KEY `uniq_child_allergen` (`child_id`,`allergen_id`),
  UNIQUE KEY `uniq_child_allergen2` (`child_id`,`allergen_id`),
  KEY `allergen_id` (`allergen_id`),
  CONSTRAINT `childallergy_ibfk_1` FOREIGN KEY (`child_id`) REFERENCES `Child` (`child_id`) ON DELETE CASCADE,
  CONSTRAINT `childallergy_ibfk_2` FOREIGN KEY (`allergen_id`) REFERENCES `Allergen` (`allergen_id`) ON DELETE CASCADE
) ENGINE=InnoDB AUTO_INCREMENT=132 DEFAULT CHARSET=utf8mb4 COLLATE=utf8mb4_0900_ai_ci;
/*!40101 SET character_set_client = @saved_cs_client */;

--
-- Dumping data for table `ChildAllergy`
--

LOCK TABLES `ChildAllergy` WRITE;
/*!40000 ALTER TABLE `ChildAllergy` DISABLE KEYS */;
INSERT INTO `ChildAllergy` VALUES (1,1,5),(2,2,1),(3,2,2),(4,3,8),(5,4,13),(6,5,6),(7,6,3),(8,7,11),(9,8,14),(10,9,4),(11,10,7),(12,11,9),(13,12,12),(14,13,10),(15,14,17),(16,15,18),(17,16,19),(18,17,20),(19,18,21),(20,19,22),(21,20,23),(22,21,24),(23,22,25),(24,23,26),(25,24,27),(26,25,28),(27,26,29),(28,27,30),(29,28,1),(30,29,2),(31,31,1),(32,32,2),(33,33,3),(34,34,4),(35,35,5),(36,36,6),(37,37,7),(38,38,8),(39,39,9),(40,40,10),(41,41,11),(42,42,12),(43,43,13),(44,44,14),(45,45,15),(46,46,16),(47,47,17),(48,48,18),(49,49,19),(50,50,20),(51,51,21),(52,52,22),(53,53,23),(54,54,24),(55,55,25),(56,56,26),(57,57,27),(58,58,28),(59,59,29),(60,60,30),(61,61,31),(62,62,32),(63,63,33),(64,64,34),(65,65,35),(66,66,36),(67,67,37),(68,68,38),(69,69,39),(70,70,40),(71,71,41),(72,72,42),(73,73,43),(74,74,44),(75,75,45),(76,76,46),(77,77,47),(78,78,48),(79,79,49),(80,80,50),(81,81,51),(82,82,52),(83,83,53),(84,84,54),(85,85,55),(86,86,56),(87,87,57),(88,88,58),(89,89,59),(90,90,60),(91,91,61),(92,92,62),(93,93,63),(94,94,64),(95,95,65),(96,96,66),(97,97,67),(98,98,68),(99,99,69),(100,100,70),(101,101,71),(102,102,72),(103,103,73),(104,104,74),(105,105,75),(106,106,76),(107,107,77),(108,108,78),(109,109,79),(110,110,80),(111,111,81),(112,112,82),(113,113,83),(114,114,84),(115,115,85),(116,116,86),(117,117,87),(118,118,88),(119,119,89),(120,120,90),(121,121,91),(122,122,92),(123,123,93),(124,124,94),(125,125,95),(126,126,96),(127,127,97),(128,128,98),(129,129,99),(130,130,100);
/*!40000 ALTER TABLE `ChildAllergy` ENABLE KEYS */;
UNLOCK TABLES;

--
-- Table structure for table `Food`
--

DROP TABLE IF EXISTS `Food`;
/*!40101 SET @saved_cs_client     = @@character_set_client */;
/*!50503 SET character_set_client = utf8mb4 */;
CREATE TABLE `Food` (
  `food_id` int NOT NULL AUTO_INCREMENT,
  `store_id` int NOT NULL,
  `name` varchar(100) NOT NULL,
  `description` text,
  `price` decimal(10,2) NOT NULL,
  `photo_url` varchar(255) DEFAULT NULL,
  `calories` int DEFAULT NULL,
  `protein` decimal(5,2) DEFAULT NULL,
  `vitamin` decimal(5,2) DEFAULT NULL,
  `calcium` decimal(5,2) DEFAULT NULL,
  PRIMARY KEY (`food_id`),
  KEY `store_id` (`store_id`),
  CONSTRAINT `food_ibfk_1` FOREIGN KEY (`store_id`) REFERENCES `Store` (`store_id`) ON DELETE CASCADE
) ENGINE=InnoDB AUTO_INCREMENT=361 DEFAULT CHARSET=utf8mb4 COLLATE=utf8mb4_0900_ai_ci;
/*!40101 SET character_set_client = @saved_cs_client */;

--
-- Dumping data for table `Food`
--

LOCK TABLES `Food` WRITE;
/*!40000 ALTER TABLE `Food` DISABLE KEYS */;
INSERT INTO `Food` VALUES (1,1,'소고기 미음','한우와 유기농 쌀로 만든 초기 이유식',5000.00,'http://example.com/food1.jpg',50,5.00,0.10,10.00),(2,1,'닭고기 브로콜리 미음','국내산 닭고기와 유기농 브로콜리',5500.00,'http://example.com/food2.jpg',60,6.00,0.20,15.00),(3,2,'한우 버섯죽','한우와 3가지 버섯이 들어간 영양죽',6000.00,'http://example.com/food3.jpg',70,7.00,0.30,20.00),(4,2,'전복죽','완도산 전복으로 만든 보양죽',7000.00,'http://example.com/food4.jpg',80,8.00,0.40,25.00),(5,3,'유기농 야채죽','7가지 유기농 야채로 만든 순한 죽',5800.00,'http://example.com/food5.jpg',55,4.00,0.50,12.00),(6,3,'대게살죽','동해안 대게살로 만든 부드러운 죽',7500.00,'http://example.com/food6.jpg',85,9.00,0.20,30.00),(7,4,'아빠표 소고기 야채죽','아빠의 사랑으로 만든 영양만점 죽',6200.00,'http://example.com/food7.jpg',75,7.00,0.40,22.00),(8,4,'닭고기 단호박죽','달콤한 단호박과 닭고기의 만남',6500.00,'http://example.com/food8.jpg',80,6.00,0.60,18.00),(9,5,'매일 아침 소고기죽','매일 아침 신선하게 만드는 소고기죽',6000.00,'http://example.com/food9.jpg',70,7.00,0.30,20.00),(10,5,'연어 아보카도죽','슈퍼푸드 연어와 아보카도로 만든 건강죽',7800.00,'http://example.com/food10.jpg',90,10.00,0.80,35.00),(11,6,'맞춤 소고기 야채죽','아기에게 필요한 영양소를 맞춤 설계',6800.00,'http://example.com/food11.jpg',78,8.00,0.50,28.00),(12,6,'두부 계란찜','부드러운 두부와 계란의 영양 간식',5500.00,'http://example.com/food12.jpg',65,9.00,0.20,15.00),(13,7,'전통 소고기죽','전통 방식으로 정성껏 끓인 소고기죽',6300.00,'http://example.com/food13.jpg',72,7.00,0.30,21.00),(14,7,'흑임자죽','국내산 흑임자로 만든 고소한 죽',5700.00,'http://example.com/food14.jpg',68,5.00,0.10,40.00),(15,8,'깐깐 엄마 소고기죽','깐깐한 엄마의 마음으로 고른 최고의 재료',7000.00,'http://example.com/food15.jpg',80,8.00,0.40,25.00),(16,8,'새우 야채 리조또','통통한 새우와 신선한 야채의 조화',8200.00,'http://example.com/food16.jpg',95,11.00,0.60,38.00),(17,9,'자연주의 닭고기죽','자연에서 얻은 신선한 재료로 만든 닭고기죽',6700.00,'http://example.com/food17.jpg',77,7.00,0.40,24.00),(18,9,'고구마 사과 퓨레','달콤한 고구마와 상큼한 사과의 만남',5300.00,'http://example.com/food18.jpg',62,3.00,0.70,10.00),(19,10,'성장 단계별 소고기죽','아기의 성장 단계에 맞춰 만든 소고기죽',6900.00,'http://example.com/food19.jpg',79,8.00,0.50,27.00),(20,10,'배도라지즙','감기 예방에 좋은 배와 도라지',4500.00,'http://example.com/food20.jpg',40,1.00,0.90,5.00),(21,11,'친환경 야채수프','친환경 야채로 우려낸 맑은 수프',5200.00,'http://example.com/food21.jpg',50,3.00,0.60,8.00),(22,11,'소고기 무국','맑고 담백한 국물 맛이 일품인 소고기 무국',6400.00,'http://example.com/food22.jpg',73,7.00,0.30,18.00),(23,12,'정성 가득 닭백숙','푹 고아 만든 영양만점 닭백숙',8500.00,'http://example.com/food23.jpg',100,12.00,0.40,30.00),(24,12,'아기 카레','맵지 않고 순한 아기 전용 카레',6800.00,'http://example.com/food24.jpg',82,6.00,0.50,20.00),(25,13,'건강 소고기 덮밥','아기의 건강을 생각한 영양 덮밥',7200.00,'http://example.com/food25.jpg',88,9.00,0.60,28.00),(26,13,'멸치 주먹밥','칼슘 왕 멸치가 들어간 고소한 주먹밥',5000.00,'http://example.com/food26.jpg',60,5.00,0.20,50.00),(27,14,'사랑 가득 닭죽','사랑으로 끓여낸 따뜻한 닭죽',6600.00,'http://example.com/food27.jpg',76,7.00,0.40,23.00),(28,14,'아기 짜장','짜지 않고 달콤한 아기 전용 짜장',6900.00,'http://example.com/food28.jpg',85,7.00,0.50,22.00),(29,15,'프리미엄 한우 안심죽','최고급 한우 안심으로 만든 프리미엄 죽',9000.00,'http://example.com/food29.jpg',110,13.00,0.50,35.00),(30,15,'유기농 과일 퓨레','제철 유기농 과일로 만든 신선한 퓨레',5800.00,'http://example.com/food30.jpg',65,2.00,1.00,10.00),(31,31,'프리미엄 한우 미음','최고급 한우와 유기농 쌀로 만든 프리미엄 미음',6000.00,'http://example.com/food31.jpg',60,6.00,0.20,12.00),(32,31,'유기농 닭고기 미음','유기농 닭가슴살과 채소로 만든 미음',6500.00,'http://example.com/food32.jpg',70,7.00,0.30,18.00),(33,32,'새벽배송 야채죽','매일 새벽에 받은 신선한 야채로 만든 죽',7000.00,'http://example.com/food33.jpg',80,5.00,0.60,25.00),(34,32,'한우 아보카도죽','영양만점 한우와 아보카도의 만남',8000.00,'http://example.com/food34.jpg',90,8.00,0.50,30.00),(35,33,'영양사 추천 소고기죽','아기 전문 영양사가 설계한 균형잡힌 소고기죽',7800.00,'http://example.com/food35.jpg',85,9.00,0.40,28.00),(36,33,'닭고기 연두부죽','부드러운 연두부와 닭고기의 조화',7200.00,'http://example.com/food36.jpg',75,8.00,0.30,22.00),(37,34,'엄마정성 가득 야채죽','엄마의 정성을 가득 담아 끓인 야채죽',6800.00,'http://example.com/food37.jpg',70,6.00,0.70,20.00),(38,34,'소고기 파프리카죽','색감도 예쁘고 영양도 좋은 파프리카 소고기죽',7500.00,'http://example.com/food38.jpg',82,7.00,0.80,26.00),(39,35,'깐깐맘 선택 한우죽','깐깐한 엄마들이 선택한 최고급 한우죽',8500.00,'http://example.com/food39.jpg',100,10.00,0.50,35.00),(40,35,'닭고기 퀴노아죽','슈퍼푸드 퀴노아와 닭고기의 만남',8200.00,'http://example.com/food40.jpg',95,9.00,0.60,32.00),(41,36,'우리아기 첫 소고기죽','우리 아기의 첫 소고기죽으로 안성맞춤',7600.00,'http://example.com/food41.jpg',88,8.00,0.40,29.00),(42,36,'두부 야채찜','부드러운 두부와 신선한 야채의 영양 간식',6900.00,'http://example.com/food42.jpg',78,9.00,0.30,24.00),(43,37,'건강튼튼 닭고기죽','맛과 건강을 모두 잡은 닭고기죽',7300.00,'http://example.com/food43.jpg',80,7.00,0.50,27.00),(44,37,'소고기 시금치죽','철분이 풍부한 시금치와 소고기의 만남',7700.00,'http://example.com/food44.jpg',85,8.00,0.90,33.00),(45,38,'변호사 추천 한우죽','믿을 수 있는 변호사가 추천하는 한우죽',9000.00,'http://example.com/food45.jpg',110,11.00,0.60,40.00),(46,38,'새우 애호박 리조또','달콤한 애호박과 통통한 새우의 조화',8800.00,'http://example.com/food46.jpg',105,12.00,0.70,38.00),(47,39,'또주문 소고기야채죽','한번 맛보면 또 주문하게 되는 마성의 맛',8000.00,'http://example.com/food47.jpg',92,9.00,0.50,31.00),(48,39,'닭고기 감자 퓨레','포슬포슬한 감자와 부드러운 닭고기',7400.00,'http://example.com/food48.jpg',84,8.00,0.40,28.00),(49,40,'아가씨도 반한 닭죽','입맛 까다로운 아가씨도 반한 바로 그 닭죽',8300.00,'http://example.com/food49.jpg',98,10.00,0.60,36.00),(50,40,'배숙','기관지에 좋은 배와 꿀의 만남',5500.00,'http://example.com/food50.jpg',50,1.00,1.00,8.00),(51,41,'국민첫사랑표 소고기죽','국민 첫사랑의 마음으로 만든 소고기죽',8500.00,'http://example.com/food51.jpg',102,10.00,0.50,37.00),(52,41,'사과 당근 퓨레','상큼한 사과와 달콤한 당근의 조화',6000.00,'http://example.com/food52.jpg',65,2.00,1.20,15.00),(53,42,'김비서 추천 닭고기죽','김비서가 깐깐하게 고른 재료로 만든 닭고기죽',8400.00,'http://example.com/food53.jpg',100,9.00,0.60,34.00),(54,42,'소고기 배추죽','달큰한 배추와 부드러운 소고기의 만남',7900.00,'http://example.com/food54.jpg',90,8.00,0.70,30.00),(55,43,'좋은날엔 한우버섯죽','좋은 날, 우리 아기에게 선물하는 영양죽',8800.00,'http://example.com/food55.jpg',108,11.00,0.50,39.00),(56,43,'닭고기 완두콩죽','톡톡 터지는 완두콩과 닭고기의 만남',8100.00,'http://example.com/food56.jpg',94,9.00,0.80,32.00),(57,44,'구르미 그린 소고기죽','달빛 아래 정성껏 끓여낸 소고기죽',8700.00,'http://example.com/food57.jpg',106,10.00,0.60,38.00),(58,44,'단호박 퓨레','달콤하고 부드러운 영양 간식',5800.00,'http://example.com/food58.jpg',62,3.00,0.90,18.00),(59,45,'여신강림 야채죽','이유식계의 여신이 만든 건강 야채죽',7900.00,'http://example.com/food59.jpg',90,7.00,0.80,28.00),(60,45,'소고기 미역죽','철분과 칼슘이 풍부한 소고기 미역죽',8200.00,'http://example.com/food60.jpg',96,9.00,0.70,40.00),(61,46,'경이로운 닭고기죽','경이로운 맛과 영양을 자랑하는 닭고기죽',8600.00,'http://example.com/food61.jpg',104,10.00,0.60,37.00),(62,46,'한우 가지죽','부드러운 가지와 한우의 특별한 만남',8300.00,'http://example.com/food62.jpg',98,9.00,0.80,34.00),(63,47,'상큼매력 소고기죽','상큼한 과일 퓨레를 곁들인 소고기죽',8900.00,'http://example.com/food63.jpg',110,10.00,0.90,39.00),(64,47,'닭고기 아스파라거스죽','고급 식재료 아스파라거스를 넣은 닭고기죽',9200.00,'http://example.com/food64.jpg',115,12.00,1.00,42.00),(65,48,'어하루 발견 닭죽','어쩌다 발견한 인생 닭죽',8800.00,'http://example.com/food65.jpg',108,11.00,0.70,38.00),(66,48,'소고기 청경채죽','아삭한 청경채와 부드러운 소고기의 조화',8500.00,'http://example.com/food66.jpg',102,10.00,0.80,36.00),(67,49,'환혼 극찬 한우죽','환혼도 극찬한 바로 그 한우죽',9500.00,'http://example.com/food67.jpg',120,13.00,0.60,45.00),(68,49,'닭고기 파프리카 리조또','알록달록 파프리카로 만든 예쁜 리조또',9300.00,'http://example.com/food68.jpg',118,12.00,0.90,43.00),(69,50,'오겜상금 플렉스 전복죽','오징어게임 상금으로 재료 팍팍 넣은 전복죽',12000.00,'http://example.com/food69.jpg',150,15.00,0.80,50.00),(70,50,'킹크랩살죽','부드러운 킹크랩살이 듬뿍 들어간 영양죽',15000.00,'http://example.com/food70.jpg',180,18.00,0.70,60.00),(71,51,'지우학 추천 소고기죽','지금 우리 학교는 소고기죽 먹는 시간!',8900.00,'http://example.com/food71.jpg',112,11.00,0.60,41.00),(72,51,'닭고기 브로콜리 치즈죽','고소한 치즈가 듬뿍 들어간 닭고기죽',9200.00,'http://example.com/food72.jpg',116,12.00,0.50,48.00),(73,52,'사내맞선 강추 닭죽','사내맞선 주인공도 반한 바로 그 닭죽',8700.00,'http://example.com/food73.jpg',107,10.00,0.70,39.00),(74,52,'한우 비트 퓨레','색감도 예쁘고 철분도 풍부한 비트 퓨레',7500.00,'http://example.com/food74.jpg',85,8.00,1.00,35.00),(75,53,'스위트홈 소고기죽','스위트홈처럼 편안하고 든든한 소고기죽',9100.00,'http://example.com/food75.jpg',114,11.00,0.60,42.00),(76,53,'닭고기 양송이 크림죽','부드러운 크림과 양송이가 듬뿍',9400.00,'http://example.com/food76.jpg',118,12.00,0.50,46.00),(77,54,'달리도 반한 닭죽','달리와 감자탕보다 맛있는 닭고기죽',9000.00,'http://example.com/food77.jpg',113,11.00,0.70,40.00),(78,54,'한우 단호박 퓨레','달콤한 단호박과 영양만점 한우의 만남',8000.00,'http://example.com/food78.jpg',92,9.00,0.90,38.00),(79,55,'다이아보다 빛나는 한우죽','다이아몬드처럼 귀한 우리 아기를 위한 한우죽',9800.00,'http://example.com/food79.jpg',125,14.00,0.60,48.00),(80,55,'닭고기 고구마 치즈볼','달콤한 고구마와 고소한 치즈의 만남',7800.00,'http://example.com/food80.jpg',90,10.00,0.50,42.00),(81,56,'라디오로맨스 소고기죽','라디오 로맨스처럼 달콤하고 부드러운 소고기죽',9200.00,'http://example.com/food81.jpg',116,11.00,0.70,43.00),(82,56,'닭가슴살 야채 스틱','아기가 잡고 먹기 좋은 영양 간식',7600.00,'http://example.com/food82.jpg',88,12.00,0.40,30.00),(83,57,'신과함께 영양닭죽','신과함께, 우리 아기 건강과 함께',9400.00,'http://example.com/food83.jpg',119,12.00,0.60,45.00),(84,57,'한우 브로콜리 큐브','간편하게 먹일 수 있는 영양 큐브',8500.00,'http://example.com/food84.jpg',100,10.00,0.80,40.00),(85,58,'아저씨도 반한 소고기죽','입맛 없는 아저씨도 반하게 만드는 마성의 소고기죽',9300.00,'http://example.com/food85.jpg',118,11.00,0.70,44.00),(86,58,'닭고기 두부 완자','부드러운 닭고기와 두부로 만든 영양 완자',8200.00,'http://example.com/food86.jpg',96,13.00,0.50,38.00),(87,59,'벌새처럼 섬세한 닭죽','벌새처럼 섬세한 손길로 만든 부드러운 닭죽',9100.00,'http://example.com/food87.jpg',115,11.00,0.80,42.00),(88,59,'한우 비타민죽','비타민이 풍부한 야채와 한우의 만남',8800.00,'http://example.com/food88.jpg',108,10.00,1.20,40.00),(89,60,'밥잘만드는사장님표 한우죽','밥 잘 사주는 예쁜 누나보다 더 좋은, 밥 잘 만드는 사장님표 한우죽',10000.00,'http://example.com/food89.jpg',130,14.00,0.70,50.00),(90,60,'닭고기 채소 리조또','알록달록 채소와 닭고기로 만든 영양 리조또',9600.00,'http://example.com/food90.jpg',122,13.00,0.90,48.00),(91,61,'서른이지만열일곱의 소고기죽','서른이지만 열일곱의 순수한 마음으로 만든 소고기죽',9500.00,'http://example.com/food91.jpg',121,12.00,0.70,46.00),(92,61,'닭고기 컬리플라워 퓨레','부드러운 컬리플라워와 닭고기의 만남',8400.00,'http://example.com/food92.jpg',99,10.00,0.80,39.00),(93,62,'이태원클라쓰 닭죽','이태원 클라쓰를 보여주는 화끈한(?) 순한 닭죽',9700.00,'http://example.com/food93.jpg',124,13.00,0.60,47.00),(94,62,'한우 파프리카 볶음밥','아기가 먹기 좋게 만든 순한 볶음밥',9000.00,'http://example.com/food94.jpg',112,11.00,1.00,42.00),(95,63,'청춘월담도 반한 한우죽','청춘월담도 반하게 만드는 맛과 영양의 한우죽',9800.00,'http://example.com/food95.jpg',126,13.00,0.70,49.00),(96,63,'닭고기 애호박 팬케이크','달콤한 애호박으로 만든 영양 간식',8600.00,'http://example.com/food96.jpg',104,11.00,0.60,40.00),(97,64,'눈이부시게 맛있는 닭죽','눈이 부시게 아름다운 맛, 닭고기죽',9600.00,'http://example.com/food97.jpg',123,12.00,0.80,45.00),(98,64,'한우 양송이 덮밥','향긋한 양송이와 부드러운 한우의 만남',9200.00,'http://example.com/food98.jpg',116,11.00,0.70,43.00),(99,65,'대장금 손맛 소고기죽','대장금의 손맛을 그대로 재현한 궁중 소고기죽',11000.00,'http://example.com/food99.jpg',140,15.00,0.60,55.00),(100,65,'닭고기 밤죽','달콤한 밤이 듬뿍 들어간 영양 닭죽',9800.00,'http://example.com/food100.jpg',128,13.00,0.50,50.00),(101,66,'옷소매 붉은 닭죽','옷소매 붉은 끝동처럼 애틋한 맛의 닭죽',9900.00,'http://example.com/food101.jpg',128,13.00,0.70,48.00),(102,66,'한우 무조림','달큰한 무와 부드러운 한우의 조화',9400.00,'http://example.com/food102.jpg',119,12.00,0.60,44.00),(103,67,'킹더랜드 VVIP 한우죽','킹더랜드 VVIP만 맛볼 수 있는 최고급 한우죽',15000.00,'http://example.com/food103.jpg',180,20.00,0.80,70.00),(104,67,'랍스터살 리조또','탱글탱글한 랍스터살이 듬뿍 들어간 럭셔리 리조또',18000.00,'http://example.com/food104.jpg',220,25.00,0.90,80.00),(105,68,'단하나의사랑 소고기죽','단 하나의 사랑을 담아 끓인 소고기죽',9700.00,'http://example.com/food105.jpg',125,13.00,0.70,48.00),(106,68,'닭고기 크림 스튜','부드러운 크림 소스와 닭고기의 만남',9500.00,'http://example.com/food106.jpg',120,12.00,0.60,45.00),(107,69,'열여덟의순간 닭죽','열여덟의 순간처럼 풋풋하고 맛있는 닭죽',9300.00,'http://example.com/food107.jpg',118,11.00,0.80,43.00),(108,69,'한우 사과조림','달콤한 사과와 부드러운 한우의 이색 만남',9100.00,'http://example.com/food108.jpg',114,11.00,1.00,41.00),(109,70,'이번생은처음이라 소고기죽','이번 생은 처음인 우리 아기를 위한 첫 소고기죽',9800.00,'http://example.com/food109.jpg',127,13.00,0.70,49.00),(110,70,'닭고기 배추전','달큰한 배추와 닭고기로 만든 영양전',8700.00,'http://example.com/food110.jpg',106,12.00,0.50,40.00),(111,71,'굿와이프표 닭죽','현명한 아내가 선택한 바로 그 닭죽',9900.00,'http://example.com/food111.jpg',129,13.00,0.80,49.00),(112,71,'한우 버섯 리조또','향긋한 버섯과 한우로 만든 고급 리조또',10500.00,'http://example.com/food112.jpg',135,15.00,0.70,52.00),(113,72,'응답하라1988 정성 소고기죽','응답하라 1988, 그 시절의 정성을 담은 소고기죽',10200.00,'http://example.com/food113.jpg',132,14.00,0.60,51.00),(114,72,'닭고기 시금치 프리타타','시금치와 닭고기로 만든 이탈리아식 계란찜',9800.00,'http://example.com/food114.jpg',125,14.00,0.90,48.00),(115,73,'로봇이아니야 인간미 닭죽','로봇이 아닌 사람이 직접 끓인 인간미 넘치는 닭죽',9700.00,'http://example.com/food115.jpg',126,13.00,0.80,47.00),(116,73,'한우 두부 스테이크','부드러운 한우와 두부로 만든 영양 스테이크',11000.00,'http://example.com/food116.jpg',142,16.00,0.70,55.00),(117,74,'슬의생 추천 한우죽','슬기로운 의사들도 추천하는 건강 한우죽',10800.00,'http://example.com/food117.jpg',138,15.00,0.60,54.00),(118,74,'닭고기 연근조림','아삭한 연근과 닭고기의 만남',9600.00,'http://example.com/food118.jpg',123,13.00,0.50,46.00),(119,75,'채송화도 반한 닭죽','슬기로운 의사생활 채송화도 반한 바로 그 닭죽',10500.00,'http://example.com/food119.jpg',135,14.00,0.70,53.00),(120,75,'한우 애호박전','달콤한 애호박과 한우로 만든 영양전',9900.00,'http://example.com/food120.jpg',128,13.00,0.60,49.00),(121,76,'연인도 반한 소고기죽','연인에게 선물하고 싶은 부드러운 소고기죽',10300.00,'http://example.com/food121.jpg',133,14.00,0.70,52.00),(122,76,'닭고기 브로콜리 너겟','아이들이 좋아하는 건강 너겟',9700.00,'http://example.com/food122.jpg',125,14.00,0.80,48.00),(123,77,'지우학 좀비도반한 닭죽','지금 우리 학교는 좀비도 반하게 만드는 닭죽',10100.00,'http://example.com/food123.jpg',130,14.00,0.80,50.00),(124,77,'한우 야채 볶음','다양한 야채와 한우를 함께 볶은 영양 반찬',10800.00,'http://example.com/food124.jpg',139,15.00,0.90,54.00),(125,78,'치얼업 힘나는 소고기죽','치얼업! 먹으면 힘이 불끈 솟는 소고기죽',10600.00,'http://example.com/food125.jpg',136,15.00,0.70,53.00),(126,78,'닭고기 완자탕','부드러운 닭고기 완자와 맑은 국물',10200.00,'http://example.com/food126.jpg',132,14.00,0.60,51.00),(127,79,'지우학 생존템 닭죽','지금 우리 학교는 필수 생존템, 재혁이네 닭죽',10400.00,'http://example.com/food127.jpg',134,14.00,0.80,52.00),(128,79,'한우 팽이버섯죽','쫄깃한 팽이버섯과 부드러운 한우의 만남',10000.00,'http://example.com/food128.jpg',129,13.00,0.70,50.00),(129,80,'기생충도 반한 한우 짜파구리맛 이유식','아카데미 수상에 빛나는 바로 그 맛!',13000.00,'http://example.com/food129.jpg',160,18.00,0.90,65.00),(130,80,'송로버섯 크림 리조또','세계 3대 진미 송로버섯이 들어간 최고급 리조또',20000.00,'http://example.com/food130.jpg',250,28.00,1.00,90.00),(131,1,'한우 청경채 미음','부드러운 한우와 아삭한 청경채의 만남',5200.00,'http://example.com/food131.jpg',55,5.00,0.30,12.00),(132,2,'닭고기 감자 미음','포슬포슬한 감자와 담백한 닭고기',5700.00,'http://example.com/food132.jpg',65,6.00,0.20,16.00),(133,3,'대구살 브로콜리죽','부드러운 대구살과 신선한 브로콜리',6200.00,'http://example.com/food133.jpg',72,8.00,0.40,22.00),(134,4,'한우 비타민죽','비타민채로 영양을 더한 한우죽',6500.00,'http://example.com/food134.jpg',78,7.00,0.90,25.00),(135,5,'닭고기 파프리카죽','알록달록 파프리카로 맛과 멋을 더했어요',6800.00,'http://example.com/food135.jpg',80,7.00,1.10,28.00),(136,6,'전복 미역죽','바다의 영양을 가득 담은 전복 미역죽',7500.00,'http://example.com/food136.jpg',88,9.00,0.50,35.00),(137,7,'한우 배추죽','달큰한 배추와 부드러운 한우의 조화',6300.00,'http://example.com/food137.jpg',75,7.00,0.40,24.00),(138,8,'닭고기 양송이죽','향긋한 양송이와 담백한 닭고기',6600.00,'http://example.com/food138.jpg',79,8.00,0.30,27.00),(139,9,'대게살 아스파라거스죽','고급스러운 대게살과 아스파라거스의 만남',8000.00,'http://example.com/food139.jpg',92,10.00,0.80,38.00),(140,10,'한우 시금치 리조또','철분이 풍부한 시금치를 넣은 한우 리조또',8200.00,'http://example.com/food140.jpg',95,9.00,1.00,40.00),(141,11,'닭고기 컬리플라워 퓨레','부드러운 컬리플라워로 만든 순한 퓨레',5800.00,'http://example.com/food141.jpg',62,5.00,0.70,18.00),(142,12,'연어 크림 파스타','아기들을 위한 고소하고 부드러운 연어 파스타',8500.00,'http://example.com/food142.jpg',105,11.00,0.60,45.00),(143,13,'한우 가지 덮밥','부드러운 가지와 한우를 올린 영양 덮밥',7800.00,'http://example.com/food143.jpg',90,9.00,0.50,33.00),(144,14,'닭고기 완두콩 볶음밥','톡톡 터지는 완두콩이 재미있는 볶음밥',7600.00,'http://example.com/food144.jpg',88,8.00,0.70,30.00),(145,15,'새우 브로콜리 치즈 그라탕','고소한 치즈와 새우, 브로콜리의 조화',9000.00,'http://example.com/food145.jpg',110,12.00,0.60,50.00),(146,16,'한우 팽이버섯 전','쫄깃한 팽이버섯과 한우로 만든 영양 전',7200.00,'http://example.com/food146.jpg',85,9.00,0.40,28.00),(147,17,'닭고기 두부 스테이크','부드러운 닭고기와 두부로 만든 아기 스테이크',8300.00,'http://example.com/food147.jpg',98,12.00,0.30,35.00),(148,18,'관자살 야채죽','부드러운 관자살과 신선한 야채가 듬뿍',8800.00,'http://example.com/food148.jpg',102,11.00,0.50,42.00),(149,19,'한우 연근조림','아삭한 연근과 달콤짭짤한 한우 장조림',7900.00,'http://example.com/food149.jpg',93,10.00,0.40,38.00),(150,20,'닭고기 카레라이스','순한 아기 카레로 만든 닭고기 카레라이스',7700.00,'http://example.com/food150.jpg',90,8.00,0.60,32.00),(151,21,'소고기 옹심이','감자 옹심이와 소고기로 만든 든든한 한끼',7400.00,'http://example.com/food151.jpg',86,8.00,0.30,29.00),(152,22,'닭고기 크림 스튜','부드러운 크림소스에 닭고기와 야채가 듬뿍',8600.00,'http://example.com/food152.jpg',100,10.00,0.50,40.00),(153,23,'해물 리조또','다양한 해산물로 맛을 낸 영양 리조또',9200.00,'http://example.com/food153.jpg',115,13.00,0.70,55.00),(154,24,'한우 사과 퓨레','달콤한 사과와 영양만점 한우의 이색 만남',6900.00,'http://example.com/food154.jpg',82,7.00,0.90,28.00),(155,25,'닭고기 배추전','달큰한 배추와 닭고기로 만든 부드러운 전',7100.00,'http://example.com/food155.jpg',84,9.00,0.40,26.00),(156,26,'광어살 미역국','부드러운 광어살로 끓인 아기 미역국',7800.00,'http://example.com/food156.jpg',90,10.00,0.30,34.00),(157,27,'한우 무나물 덮밥','달큰한 무나물과 한우를 올린 순한 덮밥',7500.00,'http://example.com/food157.jpg',88,8.00,0.50,31.00),(158,28,'닭고기 짜장밥','짜지않은 아기 짜장으로 만든 닭고기 짜장밥',7900.00,'http://example.com/food158.jpg',92,9.00,0.60,33.00),(159,29,'가자미살 구이와 야채','가시를 발라낸 부드러운 가자미살 구이',8400.00,'http://example.com/food159.jpg',98,12.00,0.40,40.00),(160,30,'한우 버섯전골','다양한 버섯과 한우로 끓인 맑은 전골',9500.00,'http://example.com/food160.jpg',118,12.00,0.70,48.00),(161,31,'닭고기 연두부 덮밥','부드러운 연두부와 닭고기를 올린 덮밥',7600.00,'http://example.com/food161.jpg',89,9.00,0.50,32.00),(162,32,'오징어 야채죽','쫄깃한 오징어와 신선한 야채의 만남',8100.00,'http://example.com/food162.jpg',94,11.00,0.60,39.00),(163,33,'한우 콩나물밥','아삭한 콩나물과 한우를 넣은 영양밥',7700.00,'http://example.com/food163.jpg',90,8.00,0.50,30.00),(164,34,'닭고기 누룽지탕','구수한 누룽지와 닭고기로 끓인 든든한 탕',8300.00,'http://example.com/food164.jpg',97,10.00,0.40,36.00),(165,35,'삼치 된장구이','순한 된장으로 양념한 부드러운 삼치구이',8700.00,'http://example.com/food165.jpg',103,13.00,0.30,44.00),(166,36,'한우 아욱죽','구수한 아욱과 한우로 끓인 건강죽',7900.00,'http://example.com/food166.jpg',92,9.00,0.80,34.00),(167,37,'닭고기 야채 스틱','아기가 잡고 먹기 좋은 닭고기 야채 스틱',7300.00,'http://example.com/food167.jpg',86,10.00,0.60,29.00),(168,38,'임연수어 구이와 레몬','부드러운 임연수어에 상큼한 레몬즙을 더했어요',8900.00,'http://example.com/food168.jpg',105,13.00,0.40,43.00),(169,39,'한우 곤드레밥','향긋한 곤드레와 한우로 지은 영양밥',8400.00,'http://example.com/food169.jpg',98,9.00,0.90,37.00),(170,40,'닭고기 크림 떡볶이','맵지않고 고소한 아기용 크림 떡볶이',8000.00,'http://example.com/food170.jpg',95,8.00,0.50,38.00),(171,41,'갈치살 야채 조림','부드러운 갈치살과 달콤짭짤한 야채 조림',9100.00,'http://example.com/food171.jpg',108,12.00,0.60,46.00),(172,42,'한우 쌀국수','진한 한우 육수로 만든 아기 쌀국수',8600.00,'http://example.com/food172.jpg',100,10.00,0.50,39.00),(173,43,'닭고기 만두','닭고기와 야채로 속을 채운 순한 아기 만두',7800.00,'http://example.com/food173.jpg',92,9.00,0.40,33.00),(174,44,'동태살 맑은탕','시원하고 담백한 동태살 맑은탕',8200.00,'http://example.com/food174.jpg',96,11.00,0.30,41.00),(175,45,'한우 김밥','한우와 다양한 야채를 넣은 아기 김밥',7500.00,'http://example.com/food175.jpg',88,8.00,0.70,30.00),(176,46,'닭고기 우동','순한 국물 맛이 일품인 아기 우동',7900.00,'http://example.com/food176.jpg',93,9.00,0.50,34.00),(177,47,'명태살 계란찜','부드러운 명태살과 포근한 계란찜',7400.00,'http://example.com/food177.jpg',87,10.00,0.40,32.00),(178,48,'한우 주먹밥','한우와 야채를 다져 만든 영양 주먹밥',7000.00,'http://example.com/food178.jpg',83,8.00,0.60,28.00),(179,49,'닭고기 채소볶음','다양한 채소와 닭고기를 함께 볶은 영양 반찬',7600.00,'http://example.com/food179.jpg',89,9.00,0.80,31.00),(180,50,'조기 구이와 무나물','담백한 조기 구이와 달큰한 무나물',9300.00,'http://example.com/food180.jpg',110,13.00,0.40,47.00),(181,51,'한우 잡채밥','아기가 먹기 좋게 만든 순한 잡채밥',8800.00,'http://example.com/food181.jpg',104,10.00,0.70,40.00),(182,52,'닭고기 수제비','쫄깃한 수제비와 닭고기로 끓인 든든한 한끼',8100.00,'http://example.com/food182.jpg',95,9.00,0.50,35.00),(183,53,'병어 조림','부드러운 병어와 달콤짭짤한 양념의 조화',9400.00,'http://example.com/food183.jpg',112,13.00,0.50,49.00),(184,54,'한우 떡갈비','부드럽게 다진 한우로 만든 아기 떡갈비',9000.00,'http://example.com/food184.jpg',108,12.00,0.40,45.00),(185,55,'닭고기 완자탕','부드러운 닭고기 완자와 맑은 국물',8500.00,'http://example.com/food185.jpg',100,11.00,0.60,38.00),(186,56,'도미살 스테이크','고급 생선 도미살로 만든 아기 스테이크',11000.00,'http://example.com/food186.jpg',130,15.00,0.50,55.00),(187,57,'한우 카레 덮밥','순한 아기 카레로 만든 한우 덮밥',8700.00,'http://example.com/food187.jpg',103,10.00,0.70,42.00),(188,58,'닭고기 리조또','부드러운 크림과 닭고기로 만든 아기 리조또',8900.00,'http://example.com/food188.jpg',106,11.00,0.60,44.00),(189,59,'농어살 찜','담백한 농어살과 야채를 함께 찐 영양 요리',10500.00,'http://example.com/food189.jpg',125,14.00,0.50,52.00),(190,60,'한우 짜장 덮밥','짜지 않은 아기 짜장으로 만든 한우 덮밥',8800.00,'http://example.com/food190.jpg',105,10.00,0.60,43.00),(191,61,'닭고기 볶음우동','순한 간장 소스로 볶은 아기 볶음우동',8400.00,'http://example.com/food191.jpg',99,9.00,0.50,37.00),(192,62,'우럭살 탕수','부드러운 우럭살로 만든 새콤달콤 탕수',10200.00,'http://example.com/food192.jpg',120,13.00,0.70,50.00),(193,63,'한우 오므라이스','한우 볶음밥을 계란으로 감싼 아기 오므라이스',9200.00,'http://example.com/food193.jpg',110,11.00,0.60,46.00),(194,64,'닭고기 퀘사디아','닭고기와 치즈를 넣은 멕시코 요리',9500.00,'http://example.com/food194.jpg',115,12.00,0.50,49.00),(195,65,'아귀 순살 지리','시원하고 담백한 아귀 순살 맑은탕',9800.00,'http://example.com/food195.jpg',118,13.00,0.40,51.00),(196,66,'한우 궁중 떡볶이','간장 소스로 만든 순한 궁중 떡볶이',9300.00,'http://example.com/food196.jpg',112,10.00,0.60,47.00),(197,67,'닭고기 팟타이','순한 소스로 만든 아기 팟타이',9600.00,'http://example.com/food197.jpg',116,11.00,0.70,48.00),(198,68,'민어 매운탕 (순한맛)','보양식 민어로 끓인 맑고 순한 매운탕',12000.00,'http://example.com/food198.jpg',140,16.00,0.50,60.00),(199,69,'한우 나시고랭','세계의 맛, 아기도 즐기는 순한 나시고랭',9700.00,'http://example.com/food199.jpg',118,11.00,0.80,49.00),(200,70,'닭고기 빠에야','샤프란 향이 은은한 스페인 영양밥',10800.00,'http://example.com/food200.jpg',130,14.00,0.90,55.00),(201,71,'대구살 튀김과 감자','부드러운 대구살 튀김과 웨지감자',9400.00,'http://example.com/food201.jpg',114,12.00,0.50,48.00),(202,72,'한우 찹스테이크','부드러운 한우와 야채를 볶은 찹스테이크',11500.00,'http://example.com/food202.jpg',138,15.00,0.70,58.00),(203,73,'닭고기 마파두부','맵지 않고 순한 아기용 마파두부',8900.00,'http://example.com/food203.jpg',107,11.00,0.60,45.00),(204,74,'옥돔 구이','제주산 옥돔으로 만든 담백한 생선구이',13000.00,'http://example.com/food204.jpg',150,17.00,0.40,65.00),(205,75,'한우 육전','얇게 썬 한우에 계란물을 입혀 부친 영양전',10500.00,'http://example.com/food205.jpg',128,14.00,0.50,54.00),(206,76,'닭고기 유린기','새콤달콤한 소스를 곁들인 닭고기 튀김',10800.00,'http://example.com/food206.jpg',132,14.00,0.70,56.00),(207,77,'장어 덮밥','기력 회복에 좋은 민물장어 덮밥',15000.00,'http://example.com/food207.jpg',180,20.00,0.60,75.00),(208,78,'한우 안심 꼬치구이','부드러운 한우 안심과 야채를 꿰어 만든 꼬치구이',12500.00,'http://example.com/food208.jpg',155,18.00,0.80,68.00),(209,79,'닭다리살 스테이크','부드러운 닭다리살로 만든 아기 스테이크',11800.00,'http://example.com/food209.jpg',145,16.00,0.60,62.00),(210,80,'캐비어 올린 연어알 덮밥','최고급 캐비어와 신선한 연어알의 만남',25000.00,'http://example.com/food210.jpg',280,30.00,1.20,100.00),(211,81,'한우 차돌박이 숙주볶음','고소한 차돌박이와 아삭한 숙주의 조화',11200.00,'http://example.com/food211.jpg',135,15.00,0.70,57.00),(212,82,'닭날개 간장조림','달콤짭짤한 간장소스에 조린 닭날개',10500.00,'http://example.com/food212.jpg',128,14.00,0.50,53.00),(213,83,'금태 구이','고급 생선 금태를 소금구이로 담백하게',18000.00,'http://example.com/food213.jpg',210,22.00,0.40,80.00),(214,84,'한우 채끝 짜파구리','영화 기생충으로 유명해진 바로 그 메뉴',12800.00,'http://example.com/food214.jpg',160,17.00,0.90,66.00),(215,85,'닭가슴살 냉채','상큼한 겨자 소스로 버무린 닭가슴살 냉채',10200.00,'http://example.com/food215.jpg',122,15.00,0.60,50.00),(216,86,'랍스터 버터구이','고소한 버터향이 가득한 랍스터 구이',22000.00,'http://example.com/food216.jpg',260,28.00,0.70,95.00),(217,87,'한우 타다끼 샐러드','겉만 살짝 익힌 한우와 신선한 샐러드',13500.00,'http://example.com/food217.jpg',165,19.00,1.00,72.00),(218,88,'닭똥집 마늘볶음','쫄깃한 닭똥집과 향긋한 마늘의 만남',9800.00,'http://example.com/food218.jpg',118,14.00,0.40,48.00),(219,89,'푸아그라 올린 트러플 리조또','세계 3대 진미를 모두 맛볼 수 있는 초호화 리조또',30000.00,'http://example.com/food219.jpg',350,35.00,1.10,120.00),(220,90,'한우 육회 비빔밥','신선한 한우 육회와 다양한 야채',12500.00,'http://example.com/food220.jpg',155,18.00,0.90,65.00),(221,91,'닭발 편육','콜라겐 가득, 쫄깃한 닭발 편육',10800.00,'http://example.com/food221.jpg',130,16.00,0.30,58.00),(222,92,'성게알 미역국','제주산 성게알로 끓인 시원한 미역국',14000.00,'http://example.com/food222.jpg',170,19.00,0.50,78.00),(223,93,'한우 불고기 전골','달콤짭짤한 국물이 일품인 한우 불고기 전골',13800.00,'http://example.com/food223.jpg',168,18.00,0.70,70.00),(224,94,'닭모래집 튀김','바삭하고 쫄깃한 닭모래집 튀김',10500.00,'http://example.com/food224.jpg',128,15.00,0.40,52.00),(225,95,'오골계 백숙','귀한 오골계로 끓인 프리미엄 백숙',28000.00,'http://example.com/food225.jpg',320,38.00,0.80,110.00),(226,96,'한우 갈비찜','부드러운 한우 갈비와 달콤한 양념',15500.00,'http://example.com/food226.jpg',190,22.00,0.60,85.00),(227,97,'토종닭 볶음탕','쫄깃한 토종닭과 매콤달콤한 양념',14500.00,'http://example.com/food227.jpg',178,20.00,0.70,80.00),(228,98,'흑염소 전골','기력 보충에 으뜸, 흑염소 전골',25000.00,'http://example.com/food228.jpg',300,35.00,0.90,105.00),(229,99,'한우 꼬리곰탕','진하게 우려낸 국물이 일품인 꼬리곰탕',16000.00,'http://example.com/food229.jpg',200,25.00,0.50,90.00),(230,100,'꿩고기 샤브샤브','담백하고 부드러운 꿩고기 샤브샤브',23000.00,'http://example.com/food230.jpg',270,32.00,0.70,100.00),(231,101,'말고기 육회','제주에서만 맛볼 수 있는 신선한 말고기 육회',20000.00,'http://example.com/food231.jpg',240,28.00,0.60,92.00),(232,102,'한우 우설 구이','쫄깃하고 고소한 맛이 일품인 우설 구이',18000.00,'http://example.com/food232.jpg',220,26.00,0.50,88.00),(233,103,'가물치 즙','산후조리, 기력회복에 좋은 가물치 즙',15000.00,'http://example.com/food233.jpg',180,22.00,0.40,82.00),(234,104,'자라 용봉탕','왕에게 진상하던 최고의 보양식, 용봉탕',50000.00,'http://example.com/food234.jpg',550,60.00,1.20,200.00),(235,105,'한우 사골 떡만두국','진한 사골 국물에 끓인 든든한 떡만두국',11000.00,'http://example.com/food235.jpg',135,15.00,0.60,60.00),(236,106,'오리 주물럭','매콤달콤한 양념에 버무린 오리고기',13500.00,'http://example.com/food236.jpg',165,18.00,0.70,75.00),(237,107,'양고기 스테이크','부드러운 양고기로 만든 고급 스테이크',19000.00,'http://example.com/food237.jpg',230,27.00,0.80,98.00),(238,108,'한우 곱창전골','얼큰하고 고소한 국물이 일품인 곱창전골',14800.00,'http://example.com/food238.jpg',180,20.00,0.60,84.00),(239,109,'돼지 막창 구이','고소하고 쫄깃한 맛이 일품인 막창 구이',12800.00,'http://example.com/food239.jpg',160,18.00,0.50,77.00),(240,110,'사슴고기 육포','귀한 사슴고기로 만든 프리미엄 육포',26000.00,'http://example.com/food240.jpg',300,40.00,0.70,115.00),(241,111,'토끼탕','담백하고 부드러운 맛이 특징인 토끼탕',21000.00,'http://example.com/food241.jpg',250,30.00,0.80,102.00),(242,112,'멧돼지 고기 김치찜','쫄깃한 멧돼지고기와 묵은지의 조화',17500.00,'http://example.com/food242.jpg',215,24.00,0.90,94.00),(243,113,'고래고기 수육','부산의 별미, 다양한 부위의 고래고기 수육',35000.00,'http://example.com/food243.jpg',400,45.00,0.70,150.00),(244,114,'악어고기 꼬치','이색 보양식, 담백한 악어고기 꼬치',29000.00,'http://example.com/food244.jpg',330,42.00,0.60,130.00),(245,115,'타조알 오믈렛','온가족이 함께 즐기는 거대한 타조알 오믈렛',45000.00,'http://example.com/food245.jpg',500,55.00,1.50,220.00),(246,116,'캥거루고기 스테이크','호주의 맛, 저지방 고단백 캥거루고기 스테이크',27000.00,'http://example.com/food246.jpg',310,40.00,0.80,125.00),(247,117,'개구리 뒷다리 튀김','프랑스의 별미, 부드러운 개구리 뒷다리 튀김',24000.00,'http://example.com/food247.jpg',280,33.00,0.70,110.00),(248,118,'달팽이 요리 (에스카르고)','프랑스 고급 요리의 대명사, 에스카르고',32000.00,'http://example.com/food248.jpg',360,40.00,0.90,140.00),(249,119,'제비집 수프','중국 황실의 보양식, 최고급 제비집 수프',80000.00,'http://example.com/food249.jpg',850,90.00,1.80,350.00),(250,120,'샥스핀 찜','중국 3대 진미, 부드러운 샥스핀 찜',65000.00,'http://example.com/food250.jpg',700,75.00,1.50,300.00),(251,121,'불도장','산해진미를 모두 모아 끓인 중국 최고의 보양식',100000.00,'http://example.com/food251.jpg',1100,120.00,2.50,450.00),(252,122,'한우물회','신선한 한우와 시원한 육수가 어우러진 이색 물회',14500.00,'http://example.com/food252.jpg',175,20.00,0.80,78.00),(253,123,'매생이 굴 떡국','향긋한 매생이와 통통한 굴을 넣은 떡국',11500.00,'http://example.com/food253.jpg',140,16.00,0.90,68.00),(254,124,'키조개 그라탕','고소한 치즈와 쫄깃한 키조개 관자의 만남',13800.00,'http://example.com/food254.jpg',168,19.00,0.70,75.00),(255,125,'한우 육사시미','뭉티기라고도 불리는 신선한 한우 생고기',28000.00,'http://example.com/food255.jpg',320,38.00,0.60,120.00),(256,126,'해삼물회','오독오독 씹히는 맛이 일품인 해삼물회',16000.00,'http://example.com/food256.jpg',190,22.00,0.50,85.00),(257,127,'멍게 비빔밥','바다의 향을 가득 담은 멍게 비빔밥',12500.00,'http://example.com/food257.jpg',150,17.00,1.00,70.00),(258,128,'물메기탕','시원하고 담백한 국물이 일품인 물메기탕',13500.00,'http://example.com/food258.jpg',165,19.00,0.60,77.00),(259,129,'도치 알탕','톡톡 터지는 식감이 재미있는 도치 알탕',14000.00,'http://example.com/food259.jpg',170,20.00,0.70,80.00),(260,130,'곰치국 (물곰탕)','속초의 명물, 시원한 해장국 곰치국',15500.00,'http://example.com/food260.jpg',185,22.00,0.60,88.00),(261,1,'한우 안창살 구이','육즙 가득, 쫄깃한 식감의 안창살 구이',21000.00,'http://example.com/food261.jpg',250,28.00,0.50,105.00),(262,2,'닭 특수부위 구이','목살, 안창살 등 다양한 닭 특수부위 모듬',16500.00,'http://example.com/food262.jpg',200,24.00,0.40,90.00),(263,3,'양갈비 프렌치랙','최고급 양갈비 부위, 프렌치랙 스테이크',29000.00,'http://example.com/food263.jpg',330,36.00,0.70,135.00),(264,4,'한우 토시살 덮밥','부드러운 토시살을 올린 프리미엄 덮밥',15800.00,'http://example.com/food264.jpg',190,22.00,0.60,86.00),(265,5,'이베리코 흑돼지 목살 스테이크','세계 4대 진미, 이베리코 흑돼지 스테이크',23000.00,'http://example.com/food265.jpg',270,30.00,0.80,115.00),(266,6,'문어 숙회','부드럽게 삶아낸 동해안 돌문어 숙회',18000.00,'http://example.com/food266.jpg',210,25.00,0.50,95.00),(267,7,'한우 제비추리 구이','담백하고 쫄깃한 맛이 일품인 제비추리',19500.00,'http://example.com/food267.jpg',235,27.00,0.50,100.00),(268,8,'오골계 구이','귀한 오골계를 숯불에 구워낸 담백한 요리',26000.00,'http://example.com/food268.jpg',300,35.00,0.70,120.00),(269,9,'참다랑어 뱃살 회','입에서 살살 녹는 최고급 참다랑어 뱃살',45000.00,'http://example.com/food269.jpg',500,50.00,0.90,180.00),(270,10,'바닷가재 찜','살이 꽉 찬 바닷가재를 통째로 찐 요리',55000.00,'http://example.com/food270.jpg',600,65.00,1.00,250.00),(271,11,'독도새우 회','동해의 귀한 보물, 달콤한 독도새우 회',60000.00,'http://example.com/food271.jpg',650,70.00,0.80,280.00),(272,12,'한우 살치살 스테이크','마블링이 예술인 부드러운 살치살 스테이크',32000.00,'http://example.com/food272.jpg',370,40.00,0.70,150.00),(273,13,'듀록 돼지 등갈비찜','프리미엄 듀록 돼지로 만든 부드러운 등갈비찜',24000.00,'http://example.com/food273.jpg',280,32.00,0.80,125.00),(274,14,'송이버섯 구이','자연산 송이버섯의 깊은 향을 느낄 수 있는 구이',70000.00,'http://example.com/food274.jpg',750,80.00,1.50,320.00),(275,15,'대방어 회','겨울철 최고의 별미, 기름진 대방어 회',38000.00,'http://example.com/food275.jpg',420,45.00,0.90,170.00),(276,16,'홍어 삼합','삭힌 홍어와 돼지고기, 묵은지의 절묘한 조화',42000.00,'http://example.com/food276.jpg',460,50.00,0.80,190.00),(277,17,'과메기 야채무침','겨울철 별미, 쫄깃한 과메기와 새콤달콤 야채무침',28000.00,'http://example.com/food277.jpg',320,35.00,1.20,130.00),(278,18,'세꼬시 회','뼈째 썰어먹는 고소한 세꼬시 회',26000.00,'http://example.com/food278.jpg',300,33.00,0.70,125.00),(279,19,'해물찜','다양한 해산물이 푸짐하게 들어간 매콤한 해물찜',35000.00,'http://example.com/food279.jpg',400,42.00,1.10,160.00),(280,20,'아귀찜','아삭한 콩나물과 쫄깃한 아귀의 만남',32000.00,'http://example.com/food280.jpg',370,40.00,1.00,150.00),(281,21,'해물파전','해산물이 듬뿍 들어간 바삭한 해물파전',18000.00,'http://example.com/food281.jpg',220,25.00,0.80,90.00),(282,22,'김치전','새콤한 김치로 만든 바삭한 김치전',15000.00,'http://example.com/food282.jpg',190,20.00,0.70,80.00),(283,23,'감자전','고소하고 쫀득한 강원도식 감자전',16000.00,'http://example.com/food283.jpg',200,22.00,0.60,85.00),(284,24,'녹두전','고소한 녹두와 푸짐한 속재료의 조화',17000.00,'http://example.com/food284.jpg',210,23.00,0.70,88.00),(285,25,'육전','부드러운 소고기로 만든 고소한 육전',22000.00,'http://example.com/food285.jpg',260,30.00,0.50,110.00),(286,26,'동태전','담백한 동태살로 만든 명절 대표 음식',19000.00,'http://example.com/food286.jpg',230,26.00,0.40,98.00),(287,27,'깻잎전','향긋한 깻잎과 고기소의 만남',18000.00,'http://example.com/food287.jpg',220,24.00,0.80,92.00),(288,28,'고추전','아삭한 고추에 속을 채워 만든 매콤한 전',18000.00,'http://example.com/food288.jpg',220,24.00,0.90,94.00),(289,29,'두부전','고소하고 부드러운 두부전',15000.00,'http://example.com/food289.jpg',190,21.00,0.50,82.00),(290,30,'호박전','달콤한 애호박으로 만든 부드러운 전',16000.00,'http://example.com/food290.jpg',200,22.00,0.70,86.00),(291,31,'모듬전','다양한 전을 한번에 맛볼 수 있는 모듬전',28000.00,'http://example.com/food291.jpg',330,35.00,0.80,135.00),(292,32,'골뱅이 무침','쫄깃한 골뱅이와 새콤달콤한 양념',25000.00,'http://example.com/food292.jpg',290,32.00,1.10,120.00),(293,33,'두부김치','고소한 두부와 볶음김치의 환상궁합',23000.00,'http://example.com/food293.jpg',270,30.00,0.90,115.00),(294,34,'보쌈','부드럽게 삶아낸 돼지고기 수육',38000.00,'http://example.com/food294.jpg',430,48.00,0.60,180.00),(295,35,'족발','콜라겐 가득, 쫄깃한 식감의 족발',39000.00,'http://example.com/food295.jpg',450,50.00,0.50,185.00),(296,36,'닭볶음탕','매콤달콤한 국물과 부드러운 닭고기',32000.00,'http://example.com/food296.jpg',370,40.00,0.80,155.00),(297,37,'찜닭','달콤짭짤한 간장소스에 졸인 닭고기 요리',33000.00,'http://example.com/food297.jpg',380,42.00,0.70,160.00),(298,38,'갈비찜','부드러운 소갈비와 달콤한 양념의 조화',45000.00,'http://example.com/food298.jpg',500,55.00,0.60,200.00),(299,39,'김치찜','묵은지와 돼지고기를 푹 끓여낸 깊은 맛',31000.00,'http://example.com/food299.jpg',360,38.00,0.90,145.00),(300,40,'부대찌개','다양한 햄과 소시지, 라면사리가 들어간 찌개',29000.00,'http://example.com/food300.jpg',340,36.00,0.80,140.00),(301,41,'곱창전골','얼큰하고 고소한 국물이 일품인 곱창전골',34000.00,'http://example.com/food301.jpg',390,41.00,0.70,165.00),(302,42,'감자탕','진한 국물과 부드러운 등뼈가 일품인 감자탕',30000.00,'http://example.com/food302.jpg',350,37.00,0.60,150.00),(303,43,'설렁탕','뽀얀 국물이 든든한 한끼 식사, 설렁탕',10000.00,'http://example.com/food303.jpg',130,15.00,0.30,60.00),(304,44,'갈비탕','맑고 진한 국물과 부드러운 갈비',12000.00,'http://example.com/food304.jpg',150,18.00,0.40,70.00),(305,45,'추어탕','미꾸라지를 갈아 끓인 영양 만점 보양식',11000.00,'http://example.com/food305.jpg',140,16.00,0.80,65.00),(306,46,'삼계탕','인삼과 대추를 넣고 푹 고아낸 닭백숙',15000.00,'http://example.com/food306.jpg',180,22.00,0.70,85.00),(307,47,'육개장','얼큰하고 진한 국물이 일품인 육개장',11000.00,'http://example.com/food307.jpg',140,17.00,0.90,68.00),(308,48,'순대국','푸짐한 순대와 머릿고기가 들어간 든든한 국밥',9000.00,'http://example.com/food308.jpg',120,14.00,0.50,55.00),(309,49,'돼지국밥','부산의 명물, 뽀얀 국물의 돼지국밥',9000.00,'http://example.com/food309.jpg',120,14.00,0.40,58.00),(310,50,'콩나물국밥','시원하고 개운한 국물의 전주식 콩나물국밥',8000.00,'http://example.com/food310.jpg',100,12.00,0.60,50.00),(311,51,'굴국밥','통영의 신선한 굴로 끓인 시원한 굴국밥',10000.00,'http://example.com/food311.jpg',130,15.00,0.80,62.00),(312,52,'재첩국','섬진강의 명물, 맑고 시원한 재첩국',9000.00,'http://example.com/food312.jpg',110,13.00,0.70,54.00),(313,53,'다슬기 해장국','쌉쌀한 맛이 매력적인 다슬기 해장국',10000.00,'http://example.com/food313.jpg',130,16.00,0.80,63.00),(314,54,'올갱이국','충청도의 별미, 구수한 된장 맛의 올갱이국',10000.00,'http://example.com/food314.jpg',130,16.00,0.80,64.00),(315,55,'비빔밥','다양한 나물과 고추장으로 비벼먹는 건강식',9000.00,'http://example.com/food315.jpg',110,12.00,1.20,58.00),(316,56,'돌솥비빔밥','따뜻하게 즐기는 고소한 돌솥비빔밥',10000.00,'http://example.com/food316.jpg',130,14.00,1.10,65.00),(317,57,'산채비빔밥','향긋한 산나물이 가득 들어간 산채비빔밥',11000.00,'http://example.com/food317.jpg',140,15.00,1.50,70.00),(318,58,'육회비빔밥','신선한 육회와 아삭한 배의 조화',13000.00,'http://example.com/food318.jpg',160,20.00,1.00,75.00),(319,59,'꼬막비빔밥','쫄깃한 꼬막무침을 밥에 비벼먹는 별미',12000.00,'http://example.com/food319.jpg',150,18.00,0.90,72.00),(320,60,'멍게비빔밥','바다의 향을 가득 담은 멍게비빔밥',12000.00,'http://example.com/food320.jpg',150,17.00,1.00,70.00),(321,61,'회덮밥','신선한 회와 야채, 초고추장의 만남',13000.00,'http://example.com/food321.jpg',160,19.00,1.10,78.00),(322,62,'알밥','톡톡 터지는 날치알이 가득한 알밥',10000.00,'http://example.com/food322.jpg',130,15.00,0.80,66.00),(323,63,'김치볶음밥','새콤한 김치와 고소한 계란후라이의 조화',8000.00,'http://example.com/food323.jpg',100,11.00,0.70,52.00),(324,64,'새우볶음밥','통통한 새우가 듬뿍 들어간 고소한 볶음밥',9000.00,'http://example.com/food324.jpg',110,13.00,0.60,59.00),(325,65,'짜장면','남녀노소 누구나 좋아하는 짜장면',7000.00,'http://example.com/food325.jpg',90,10.00,0.40,45.00),(326,66,'짬뽕','얼큰한 국물과 푸짐한 해물이 일품인 짬뽕',8000.00,'http://example.com/food326.jpg',100,12.00,0.50,50.00),(327,67,'탕수육','바삭한 튀김과 새콤달콤한 소스의 조화',18000.00,'http://example.com/food327.jpg',220,25.00,0.60,95.00),(328,68,'깐풍기','매콤한 소스에 볶아낸 닭고기 튀김 요리',22000.00,'http://example.com/food328.jpg',260,30.00,0.70,112.00),(329,69,'유린기','새콤한 간장 소스를 곁들인 닭고기 튀김',21000.00,'http://example.com/food329.jpg',250,28.00,0.80,108.00),(330,70,'양장피','다양한 야채와 해산물, 겨자 소스의 조화',28000.00,'http://example.com/food330.jpg',320,35.00,1.20,132.00),(331,71,'팔보채','8가지 진귀한 재료를 볶아 만든 고급 중화요리',32000.00,'http://example.com/food331.jpg',370,40.00,1.00,155.00),(332,72,'고추잡채와 꽃빵','매콤한 고추잡채를 부드러운 꽃빵에 싸먹는 요리',26000.00,'http://example.com/food332.jpg',300,33.00,0.90,128.00),(333,73,'마파두부','매콤한 소스와 부드러운 두부의 만남',18000.00,'http://example.com/food333.jpg',220,24.00,0.80,96.00),(334,74,'동파육','부드럽게 조려낸 돼지고기 찜 요리',35000.00,'http://example.com/food334.jpg',400,45.00,0.70,170.00),(335,75,'초밥','신선한 회를 올린 일본 대표 요리',20000.00,'http://example.com/food335.jpg',240,28.00,0.60,100.00),(336,76,'우동','따뜻하고 쫄깃한 면발의 일본식 우동',9000.00,'http://example.com/food336.jpg',110,13.00,0.50,55.00),(337,77,'라멘','진한 육수와 쫄깃한 면발이 일품인 일본 라멘',10000.00,'http://example.com/food337.jpg',130,15.00,0.60,62.00),(338,78,'돈까스','바삭한 튀김옷과 두툼한 돼지고기',11000.00,'http://example.com/food338.jpg',140,16.00,0.40,68.00),(339,79,'카레라이스','진한 일본식 카레와 밥의 조화',9000.00,'http://example.com/food339.jpg',110,12.00,0.70,54.00),(340,80,'규동','달콤짭짤한 소고기 덮밥',10000.00,'http://example.com/food340.jpg',130,15.00,0.50,60.00),(341,81,'가츠동','돈까스를 올린 일본식 덮밥',11000.00,'http://example.com/food341.jpg',140,16.00,0.50,65.00),(342,82,'오야코동','닭고기와 계란을 올린 부드러운 덮밥',10000.00,'http://example.com/food342.jpg',130,15.00,0.60,61.00),(343,83,'텐동','다양한 튀김을 올린 일본식 튀김 덮밥',12000.00,'http://example.com/food343.jpg',150,17.00,0.70,70.00),(344,84,'사케동','신선한 연어를 올린 일본식 연어 덮밥',13000.00,'http://example.com/food344.jpg',160,19.00,0.90,74.00),(345,85,'우나기동','민물장어 구이를 올린 일본식 장어 덮밥',18000.00,'http://example.com/food345.jpg',220,25.00,0.60,98.00),(346,86,'타코야끼','문어가 들어간 동그란 일본식 풀빵',8000.00,'http://example.com/food346.jpg',100,11.00,0.40,50.00),(347,87,'오코노미야끼','다양한 재료를 넣고 부쳐먹는 일본식 부침개',15000.00,'http://example.com/food347.jpg',180,20.00,0.80,84.00),(348,88,'야끼소바','다양한 재료를 넣고 볶은 일본식 볶음면',13000.00,'http://example.com/food348.jpg',160,18.00,0.70,78.00),(349,89,'메밀소바','시원한 장국에 찍어먹는 메밀국수',10000.00,'http://example.com/food349.jpg',130,14.00,0.50,63.00),(350,90,'스키야키','얇게 썬 소고기와 야채를 간장 소스에 끓여먹는 요리',28000.00,'http://example.com/food350.jpg',320,36.00,0.90,135.00),(351,91,'샤브샤브','얇게 썬 고기와 야채를 끓는 육수에 데쳐먹는 요리',25000.00,'http://example.com/food351.jpg',290,32.00,1.00,125.00),(352,92,'밀푀유나베','배추와 깻잎, 고기를 겹겹이 쌓아 끓인 전골',27000.00,'http://example.com/food352.jpg',310,34.00,1.20,130.00),(353,93,'월남쌈','다양한 야채와 고기를 라이스페이퍼에 싸먹는 건강식',26000.00,'http://example.com/food353.jpg',300,30.00,1.50,128.00),(354,94,'분짜','숯불에 구운 돼지고기와 쌀국수를 새콤달콤한 소스에 적셔먹는 베트남 요리',14000.00,'http://example.com/food354.jpg',170,19.00,0.90,80.00),(355,95,'쌀국수','진한 육수와 부드러운 쌀국수 면발',9000.00,'http://example.com/food355.jpg',110,12.00,0.60,56.00),(356,96,'팟타이','새콤달콤한 소스로 볶은 태국식 볶음 쌀국수',12000.00,'http://example.com/food356.jpg',150,16.00,0.80,73.00),(357,97,'똠얌꿍','세계 3대 수프, 새콤하고 매콤한 태국식 새우 수프',15000.00,'http://example.com/food357.jpg',180,20.00,1.00,85.00),(358,98,'푸팟퐁커리','부드러운 소프트쉘 크랩을 튀겨 커리와 함께 볶은 요리',28000.00,'http://example.com/food358.jpg',330,35.00,0.90,140.00),(359,99,'나시고랭','다양한 재료를 넣고 볶은 인도네시아식 볶음밥',11000.00,'http://example.com/food359.jpg',140,15.00,0.80,68.00),(360,100,'미고랭','다양한 재료를 넣고 볶은 인도네시아식 볶음면',11000.00,'http://example.com/food360.jpg',140,15.00,0.80,69.00);
/*!40000 ALTER TABLE `Food` ENABLE KEYS */;
UNLOCK TABLES;

--
-- Table structure for table `FoodIngredient`
--

DROP TABLE IF EXISTS `FoodIngredient`;
/*!40101 SET @saved_cs_client     = @@character_set_client */;
/*!50503 SET character_set_client = utf8mb4 */;
CREATE TABLE `FoodIngredient` (
  `ingredient_id` int NOT NULL AUTO_INCREMENT,
  `food_id` int NOT NULL,
  `allergen_id` int DEFAULT NULL,
  `name` varchar(100) NOT NULL,
  `origin` varchar(100) DEFAULT NULL,
  `organic` tinyint(1) DEFAULT '0',
  PRIMARY KEY (`ingredient_id`),
  KEY `food_id` (`food_id`),
  KEY `allergen_id` (`allergen_id`),
  CONSTRAINT `foodingredient_ibfk_1` FOREIGN KEY (`food_id`) REFERENCES `Food` (`food_id`) ON DELETE CASCADE,
  CONSTRAINT `foodingredient_ibfk_2` FOREIGN KEY (`allergen_id`) REFERENCES `Allergen` (`allergen_id`)
) ENGINE=InnoDB AUTO_INCREMENT=481 DEFAULT CHARSET=utf8mb4 COLLATE=utf8mb4_0900_ai_ci;
/*!40101 SET character_set_client = @saved_cs_client */;

--
-- Dumping data for table `FoodIngredient`
--

LOCK TABLES `FoodIngredient` WRITE;
/*!40000 ALTER TABLE `FoodIngredient` DISABLE KEYS */;
INSERT INTO `FoodIngredient` VALUES (1,1,19,'소고기','국내산 한우',1),(2,1,4,'쌀','국내산 유기농',1),(3,2,17,'닭고기','국내산',1),(4,2,NULL,'브로콜리','국내산 유기농',1),(5,3,19,'소고기','국내산 한우',1),(6,3,NULL,'표고버섯','국내산',0),(7,4,20,'전복','완도산',0),(8,5,NULL,'당근','국내산 유기농',1),(9,5,NULL,'애호박','국내산 유기농',1),(10,6,9,'대게살','동해안',0),(11,7,19,'소고기','국내산 한우',1),(12,7,NULL,'감자','국내산',0),(13,8,17,'닭고기','국내산',1),(14,8,NULL,'단호박','국내산',0),(15,9,19,'소고기','국내산 한우',1),(16,10,NULL,'연어','노르웨이산',0),(17,10,NULL,'아보카도','멕시코산',0),(18,11,19,'소고기','국내산 한우',1),(19,11,NULL,'양파','국내산',0),(20,12,2,'계란','국내산 유정란',1),(21,12,3,'두부','국내산',0),(22,13,19,'소고기','국내산 한우',1),(23,14,25,'흑임자','국내산',0),(24,15,19,'소고기','호주산 청정우',0),(25,16,8,'새우','베트남산',0),(26,17,17,'닭고기','국내산',1),(27,18,NULL,'고구마','국내산',0),(28,18,NULL,'사과','국내산',0),(29,19,19,'소고기','국내산 한우',1),(30,20,NULL,'배','국내산',0),(31,31,19,'한우','국내산',1),(32,31,4,'쌀','국내산 유기농',1),(33,32,17,'닭가슴살','국내산 유기농',1),(34,33,NULL,'당근','국내산',1),(35,33,NULL,'양파','국내산',1),(36,34,19,'한우','국내산',1),(37,34,74,'아보카도','멕시코산',0),(38,35,19,'소고기','국내산 한우',1),(39,36,17,'닭고기','국내산',1),(40,36,3,'연두부','국내산',0),(41,37,NULL,'감자','국내산',1),(42,37,NULL,'브로콜리','국내산',1),(43,38,19,'소고기','국내산 한우',1),(44,38,NULL,'파프리카','국내산',0),(45,39,19,'한우','국내산 최고급',1),(46,40,17,'닭고기','국내산',1),(47,40,NULL,'퀴노아','페루산',0),(48,41,19,'소고기','국내산 한우',1),(49,42,3,'두부','국내산',1),(50,42,NULL,'당근','국내산',1),(51,43,17,'닭고기','국내산',1),(52,44,19,'소고기','국내산 한우',1),(53,44,NULL,'시금치','국내산',0),(54,45,19,'한우','국내산 최고급',1),(55,46,8,'새우','국내산',0),(56,46,NULL,'애호박','국내산',1),(57,47,19,'소고기','국내산 한우',1),(58,48,17,'닭고기','국내산',1),(59,48,NULL,'감자','국내산',0),(60,49,17,'닭고기','국내산',1),(61,50,53,'배','국내산',0),(62,50,114,'꿀','국내산',0),(63,51,19,'소고기','국내산 한우',1),(64,52,52,'사과','국내산',1),(65,52,NULL,'당근','국내산',1),(66,53,17,'닭고기','국내산',1),(67,54,19,'소고기','국내산 한우',1),(68,54,NULL,'배추','국내산',0),(69,55,19,'한우','국내산',1),(70,55,NULL,'표고버섯','국내산',0),(71,56,17,'닭고기','국내산',1),(72,56,NULL,'완두콩','국내산',0),(73,57,19,'소고기','국내산 한우',1),(74,58,NULL,'단호박','국내산',1),(75,59,NULL,'브로콜리','국내산',1),(76,59,NULL,'양파','국내산',1),(77,60,19,'소고기','국내산 한우',1),(78,60,NULL,'미역','국내산',0),(79,61,17,'닭고기','국내산',1),(80,62,19,'한우','국내산',1),(81,62,NULL,'가지','국내산',0),(82,63,19,'소고기','국내산 한우',1),(83,63,51,'딸기','국내산',1),(84,64,17,'닭고기','국내산',1),(85,64,NULL,'아스파라거스','국내산',0),(86,65,17,'닭고기','국내산',1),(87,66,19,'소고기','국내산 한우',1),(88,66,NULL,'청경채','국내산',0),(89,67,19,'한우','국내산 최고급',1),(90,68,17,'닭고기','국내산',1),(91,68,NULL,'파프리카','국내산',1),(92,69,20,'전복','완도산',0),(93,70,9,'킹크랩','러시아산',0),(94,71,19,'소고기','국내산 한우',1),(95,72,17,'닭고기','국내산',1),(96,72,1,'치즈','국내산',0),(97,73,17,'닭고기','국내산',1),(98,74,19,'한우','국내산',1),(99,74,NULL,'비트','국내산',1),(100,75,19,'소고기','국내산 한우',1),(101,76,17,'닭고기','국내산',1),(102,76,NULL,'양송이버섯','국내산',0),(103,76,1,'크림','국내산',0),(104,77,17,'닭고기','국내산',1),(105,78,19,'한우','국내산',1),(106,78,NULL,'단호박','국내산',1),(107,79,19,'한우','국내산 최고급',1),(108,80,17,'닭고기','국내산',1),(109,80,NULL,'고구마','국내산',1),(110,80,1,'치즈','국내산',0),(111,81,19,'소고기','국내산 한우',1),(112,82,17,'닭가슴살','국내산',1),(113,82,NULL,'당근','국내산',1),(114,82,NULL,'오이','국내산',1),(115,83,17,'닭고기','국내산',1),(116,84,19,'한우','국내산',1),(117,84,NULL,'브로콜리','국내산',1),(118,85,19,'소고기','국내산 한우',1),(119,86,17,'닭고기','국내산',1),(120,86,3,'두부','국내산',1),(121,87,17,'닭고기','국내산',1),(122,88,19,'한우','국내산',1),(123,88,NULL,'비타민채','국내산',1),(124,89,19,'한우','국내산 최고급',1),(125,90,17,'닭고기','국내산',1),(126,90,NULL,'당근','국내산',1),(127,90,NULL,'양파','국내산',1),(128,91,19,'소고기','국내산 한우',1),(129,92,17,'닭고기','국내산',1),(130,92,NULL,'컬리플라워','국내산',1),(131,93,17,'닭고기','국내산',1),(132,94,19,'한우','국내산',1),(133,94,NULL,'파프리카','국내산',1),(134,95,19,'한우','국내산',1),(135,96,17,'닭고기','국내산',1),(136,96,NULL,'애호박','국내산',1),(137,97,17,'닭고기','국내산',1),(138,98,19,'한우','국내산',1),(139,98,NULL,'양송이버섯','국내산',0),(140,99,19,'소고기','국내산',1),(141,100,17,'닭고기','국내산',1),(142,100,35,'밤','국내산',0),(143,101,17,'닭고기','국내산',1),(144,102,19,'한우','국내산',1),(145,102,NULL,'무','국내산',1),(146,103,19,'한우','국내산 최고급',1),(147,104,30,'랍스터','캐나다산',0),(148,105,19,'소고기','국내산',1),(149,106,17,'닭고기','국내산',1),(150,106,1,'크림','국내산',0),(151,107,17,'닭고기','국내산',1),(152,108,19,'한우','국내산',1),(153,108,52,'사과','국내산',1),(154,109,19,'소고기','국내산',1),(155,110,17,'닭고기','국내산',1),(156,110,NULL,'배추','국내산',1),(157,111,17,'닭고기','국내산',1),(158,112,19,'한우','국내산',1),(159,112,NULL,'버섯','국내산',0),(160,113,19,'소고기','국내산',1),(161,114,17,'닭고기','국내산',1),(162,114,NULL,'시금치','국내산',1),(163,115,17,'닭고기','국내산',1),(164,116,19,'한우','국내산',1),(165,116,3,'두부','국내산',1),(166,117,19,'한우','국내산',1),(167,118,17,'닭고기','국내산',1),(168,118,NULL,'연근','국내산',0),(169,119,17,'닭고기','국내산',1),(170,120,19,'한우','국내산',1),(171,120,NULL,'애호박','국내산',1),(172,121,19,'소고기','국내산',1),(173,122,17,'닭고기','국내산',1),(174,122,NULL,'브로콜리','국내산',1),(175,123,17,'닭고기','국내산',1),(176,124,19,'한우','국내산',1),(177,124,NULL,'야채','국내산',1),(178,125,19,'소고기','국내산',1),(179,126,17,'닭고기','국내산',1),(180,127,17,'닭고기','국내산',1),(181,128,19,'한우','국내산',1),(182,128,NULL,'팽이버섯','국내산',0),(183,129,19,'한우','국내산',1),(184,129,4,'밀','수입산',0),(185,130,39,'연어','노르웨이산',0),(186,130,NULL,'송로버섯','이탈리아산',0),(187,131,19,'한우','국내산',1),(188,131,NULL,'청경채','국내산',1),(189,132,17,'닭고기','국내산',1),(190,132,NULL,'감자','국내산',1),(191,133,NULL,'대구살','국내산',0),(192,133,NULL,'브로콜리','국내산',1),(193,134,19,'한우','국내산',1),(194,134,NULL,'비타민채','국내산',1),(195,135,17,'닭고기','국내산',1),(196,135,NULL,'파프리카','국내산',1),(197,136,20,'전복','완도산',0),(198,136,NULL,'미역','국내산',0),(199,137,19,'한우','국내산',1),(200,137,NULL,'배추','국내산',1),(201,138,17,'닭고기','국내산',1),(202,138,NULL,'양송이버섯','국내산',0),(203,139,9,'대게살','국내산',0),(204,139,NULL,'아스파라거스','국내산',0),(205,140,19,'한우','국내산',1),(206,140,NULL,'시금치','국내산',1),(207,141,17,'닭고기','국내산',1),(208,141,NULL,'컬리플라워','국내산',1),(209,142,39,'연어','노르웨이산',0),(210,142,1,'크림','국내산',0),(211,143,19,'한우','국내산',1),(212,143,NULL,'가지','국내산',1),(213,144,17,'닭고기','국내산',1),(214,144,NULL,'완두콩','국내산',0),(215,145,8,'새우','국내산',0),(216,145,1,'치즈','국내산',0),(217,146,19,'한우','국내산',1),(218,146,NULL,'팽이버섯','국내산',0),(219,147,17,'닭고기','국내산',1),(220,147,3,'두부','국내산',1),(221,148,NULL,'관자','국내산',0),(222,149,19,'한우','국내산',1),(223,149,NULL,'연근','국내산',0),(224,150,17,'닭고기','국내산',1),(225,150,94,'카레','수입산',0),(226,151,19,'소고기','국내산',1),(227,151,NULL,'감자','국내산',1),(228,152,17,'닭고기','국내산',1),(229,152,1,'크림','국내산',0),(230,153,8,'새우','국내산',0),(231,153,10,'오징어','국내산',0),(232,154,19,'한우','국내산',1),(233,154,52,'사과','국내산',1),(234,155,17,'닭고기','국내산',1),(235,155,NULL,'배추','국내산',1),(236,156,NULL,'광어','국내산',0),(237,156,NULL,'미역','국내산',0),(238,157,19,'한우','국내산',1),(239,157,NULL,'무','국내산',1),(240,158,17,'닭고기','국내산',1),(241,158,3,'대두','국내산',0),(242,159,NULL,'가자미','국내산',0),(243,160,19,'한우','국내산',1),(244,160,NULL,'버섯','국내산',0),(245,161,17,'닭고기','국내산',1),(246,161,3,'연두부','국내산',1),(247,162,10,'오징어','국내산',0),(248,163,19,'한우','국내산',1),(249,163,NULL,'콩나물','국내산',1),(250,164,17,'닭고기','국내산',1),(251,164,4,'쌀','국내산',0),(252,165,NULL,'삼치','국내산',0),(253,165,3,'대두','국내산',0),(254,166,19,'한우','국내산',1),(255,166,NULL,'아욱','국내산',1),(256,167,17,'닭고기','국내산',1),(257,168,NULL,'임연수어','국내산',0),(258,169,19,'한우','국내산',1),(259,169,NULL,'곤드레','국내산',1),(260,170,17,'닭고기','국내산',1),(261,170,1,'크림','국내산',0),(262,171,NULL,'갈치','국내산',0),(263,172,19,'한우','국내산',1),(264,172,4,'쌀','베트남산',0),(265,173,17,'닭고기','국내산',1),(266,173,18,'돼지고기','국내산',1),(267,174,NULL,'동태','러시아산',0),(268,175,19,'한우','국내산',1),(269,175,25,'참깨','국내산',0),(270,176,17,'닭고기','국내산',1),(271,176,4,'밀','수입산',0),(272,177,NULL,'명태','러시아산',0),(273,177,2,'계란','국내산',1),(274,178,19,'한우','국내산',1),(275,179,17,'닭고기','국내산',1),(276,180,NULL,'조기','국내산',0),(277,181,19,'한우','국내산',1),(278,182,17,'닭고기','국내산',1),(279,182,4,'밀','수입산',0),(280,183,NULL,'병어','국내산',0),(281,184,19,'한우','국내산',1),(282,185,17,'닭고기','국내산',1),(283,186,NULL,'도미','국내산',0),(284,187,19,'한우','국내산',1),(285,187,94,'카레','수입산',0),(286,188,17,'닭고기','국내산',1),(287,188,1,'크림','국내산',0),(288,189,NULL,'농어','국내산',0),(289,190,19,'한우','국내산',1),(290,190,3,'대두','국내산',0),(291,191,17,'닭고기','국내산',1),(292,191,4,'밀','수입산',0),(293,192,NULL,'우럭','국내산',0),(294,193,19,'한우','국내산',1),(295,193,2,'계란','국내산',1),(296,194,17,'닭고기','국내산',1),(297,194,1,'치즈','국내산',0),(298,195,NULL,'아귀','국내산',0),(299,196,19,'한우','국내산',1),(300,196,4,'쌀','국내산',0),(301,197,17,'닭고기','국내산',1),(302,197,4,'쌀','태국산',0),(303,198,NULL,'민어','국내산',0),(304,199,19,'한우','국내산',1),(305,200,17,'닭고기','국내산',1),(306,200,NULL,'샤프란','스페인산',0),(307,201,NULL,'대구','국내산',0),(308,202,19,'한우','국내산',1),(309,203,17,'닭고기','국내산',1),(310,203,3,'두부','국내산',1),(311,204,NULL,'옥돔','제주산',0),(312,205,19,'한우','국내산',1),(313,206,17,'닭고기','국내산',1),(314,207,NULL,'장어','국내산',0),(315,208,19,'한우','국내산',1),(316,209,17,'닭고기','국내산',1),(317,210,NULL,'캐비어','러시아산',0),(318,210,39,'연어','노르웨이산',0),(319,211,19,'한우','국내산',1),(320,211,NULL,'숙주','국내산',1),(321,212,17,'닭고기','국내산',1),(322,213,NULL,'금태','국내산',0),(323,214,19,'한우','국내산',1),(324,214,4,'밀','수입산',0),(325,215,17,'닭고기','국내산',1),(326,216,30,'랍스터','캐나다산',0),(327,217,19,'한우','국내산',1),(328,218,17,'닭고기','국내산',1),(329,219,NULL,'푸아그라','프랑스산',0),(330,219,NULL,'트러플','이탈리아산',0),(331,220,19,'한우','국내산',1),(332,221,17,'닭고기','국내산',1),(333,222,NULL,'성게','제주산',0),(334,223,19,'한우','국내산',1),(335,224,17,'닭고기','국내산',1),(336,225,NULL,'오골계','국내산',1),(337,226,19,'한우','국내산',1),(338,227,17,'닭고기','국내산',1),(339,228,NULL,'흑염소','국내산',1),(340,229,19,'한우','국내산',1),(341,230,NULL,'꿩','국내산',1),(342,231,NULL,'말고기','제주산',0),(343,232,19,'한우','국내산',1),(344,233,NULL,'가물치','국내산',0),(345,234,NULL,'자라','국내산',0),(346,235,19,'한우','국내산',1),(347,235,18,'돼지고기','국내산',1),(348,236,NULL,'오리','국내산',1),(349,237,NULL,'양고기','호주산',0),(350,238,19,'한우','국내산',1),(351,239,18,'돼지고기','국내산',1),(352,240,NULL,'사슴','뉴질랜드산',0),(353,241,NULL,'토끼','국내산',1),(354,242,18,'돼지고기','국내산',1),(355,243,NULL,'고래','국내산',0),(356,244,NULL,'악어','호주산',0),(357,245,2,'계란','국내산',1),(358,246,NULL,'캥거루','호주산',0),(359,247,NULL,'개구리','수입산',0),(360,248,12,'달팽이','수입산',0),(361,249,NULL,'제비집','수입산',0),(362,250,NULL,'샥스핀','수입산',0),(363,251,19,'소고기','국내산',1),(364,251,17,'닭고기','국내산',1),(365,252,19,'한우','국내산',1),(366,253,42,'굴','국내산',0),(367,253,4,'쌀','국내산',1),(368,254,12,'키조개','국내산',0),(369,254,1,'치즈','국내산',0),(370,255,19,'한우','국내산',1),(371,256,43,'해삼','국내산',0),(372,257,44,'멍게','국내산',0),(373,258,NULL,'물메기','국내산',0),(374,259,NULL,'도치','국내산',0),(375,260,NULL,'곰치','국내산',0),(376,261,19,'한우','국내산',1),(377,262,17,'닭고기','국내산',1),(378,263,NULL,'양고기','호주산',0),(379,264,19,'한우','국내산',1),(380,265,18,'돼지고기','스페인산',0),(381,266,45,'문어','국내산',0),(382,267,19,'한우','국내산',1),(383,268,NULL,'오골계','국내산',1),(384,269,38,'참치','원양산',0),(385,270,30,'바닷가재','캐나다산',0),(386,271,8,'새우','국내산',0),(387,272,19,'한우','국내산',1),(388,273,18,'돼지고기','스페인산',0),(389,274,NULL,'송이버섯','국내산',1),(390,275,NULL,'방어','국내산',0),(391,276,NULL,'홍어','국내산',0),(392,276,18,'돼지고기','국내산',1),(393,277,NULL,'과메기','국내산',0),(394,278,NULL,'생선','국내산',0),(395,279,8,'새우','국내산',0),(396,279,10,'오징어','국내산',0),(397,280,NULL,'아귀','국내산',0),(398,281,10,'오징어','국내산',0),(399,281,4,'밀','수입산',0),(400,282,4,'밀','수입산',0),(401,283,NULL,'감자','국내산',1),(402,284,NULL,'녹두','국내산',1),(403,285,19,'소고기','국내산',1),(404,286,NULL,'동태','러시아산',0),(405,287,18,'돼지고기','국내산',1),(406,288,18,'돼지고기','국내산',1),(407,289,3,'두부','국내산',1),(408,290,NULL,'애호박','국내산',1),(409,291,19,'소고기','국내산',1),(410,291,NULL,'동태','러시아산',0),(411,292,12,'골뱅이','수입산',0),(412,293,3,'두부','국내산',1),(413,293,18,'돼지고기','국내산',1),(414,294,18,'돼지고기','국내산',1),(415,295,18,'돼지고기','국내산',1),(416,296,17,'닭고기','국내산',1),(417,297,17,'닭고기','국내산',1),(418,298,19,'소고기','국내산',1),(419,299,18,'돼지고기','국내산',1),(420,300,18,'돼지고기','수입산',0),(421,301,19,'소고기','국내산',1),(422,302,18,'돼지고기','국내산',1),(423,303,19,'소고기','국내산',1),(424,304,19,'소고기','국내산',1),(425,305,NULL,'미꾸라지','국내산',0),(426,306,17,'닭고기','국내산',1),(427,307,19,'소고기','국내산',1),(428,308,18,'돼지고기','국내산',1),(429,309,18,'돼지고기','국내산',1),(430,310,NULL,'콩나물','국내산',1),(431,311,42,'굴','국내산',0),(432,312,12,'재첩','국내산',0),(433,313,12,'다슬기','국내산',0),(434,314,12,'올갱이','국내산',0),(435,315,2,'계란','국내산',1),(436,316,2,'계란','국내산',1),(437,317,NULL,'산나물','국내산',1),(438,318,19,'육회','국내산',1),(439,319,12,'꼬막','국내산',0),(440,320,44,'멍게','국내산',0),(441,321,38,'참치','원양산',0),(442,322,NULL,'날치알','수입산',0),(443,323,2,'계란','국내산',1),(444,324,8,'새우','수입산',0),(445,325,18,'돼지고기','국내산',0),(446,326,10,'오징어','국내산',0),(447,327,18,'돼지고기','국내산',1),(448,328,17,'닭고기','국내산',1),(449,329,17,'닭고기','국내산',1),(450,330,18,'돼지고기','국내산',1),(451,331,8,'새우','수입산',0),(452,332,18,'돼지고기','국내산',1),(453,333,3,'두부','국내산',1),(454,334,18,'돼지고기','중국산',0),(455,335,39,'연어','노르웨이산',0),(456,336,4,'밀','수입산',0),(457,337,18,'돼지고기','일본산',0),(458,338,18,'돼지고기','국내산',1),(459,339,94,'카레','일본산',0),(460,340,19,'소고기','미국산',0),(461,341,18,'돼지고기','국내산',1),(462,342,17,'닭고기','국내산',1),(463,343,8,'새우','수입산',0),(464,344,39,'연어','노르웨이산',0),(465,345,NULL,'장어','국내산',0),(466,346,45,'문어','수입산',0),(467,347,10,'오징어','국내산',0),(468,348,18,'돼지고기','국내산',0),(469,349,15,'메밀','국내산',1),(470,350,19,'소고기','미국산',0),(471,351,19,'소고기','호주산',0),(472,352,19,'소고기','호주산',0),(473,353,8,'새우','베트남산',0),(474,354,18,'돼지고기','베트남산',0),(475,355,19,'소고기','호주산',0),(476,356,8,'새우','태국산',0),(477,357,8,'새우','태국산',0),(478,358,9,'게','태국산',0),(479,359,8,'새우','인도네시아산',0),(480,360,8,'새우','인도네시아산',0);
/*!40000 ALTER TABLE `FoodIngredient` ENABLE KEYS */;
UNLOCK TABLES;

--
-- Table structure for table `OrderInfo`
--

DROP TABLE IF EXISTS `OrderInfo`;
/*!40101 SET @saved_cs_client     = @@character_set_client */;
/*!50503 SET character_set_client = utf8mb4 */;
CREATE TABLE `OrderInfo` (
  `order_id` int NOT NULL AUTO_INCREMENT,
  `store_id` int NOT NULL,
  `user_id` int NOT NULL,
  `status` enum('주문대기','조리중','배달중','완료','취소') DEFAULT '주문대기',
  `request_note` text,
  `reservation_time` datetime DEFAULT NULL,
  `created_at` datetime DEFAULT CURRENT_TIMESTAMP,
  PRIMARY KEY (`order_id`),
  KEY `store_id` (`store_id`),
  KEY `user_id` (`user_id`),
  CONSTRAINT `orderinfo_ibfk_1` FOREIGN KEY (`store_id`) REFERENCES `Store` (`store_id`) ON DELETE CASCADE,
  CONSTRAINT `orderinfo_ibfk_2` FOREIGN KEY (`user_id`) REFERENCES `User` (`user_id`) ON DELETE CASCADE
) ENGINE=InnoDB AUTO_INCREMENT=131 DEFAULT CHARSET=utf8mb4 COLLATE=utf8mb4_0900_ai_ci;
/*!40101 SET character_set_client = @saved_cs_client */;

--
-- Dumping data for table `OrderInfo`
--

LOCK TABLES `OrderInfo` WRITE;
/*!40000 ALTER TABLE `OrderInfo` DISABLE KEYS */;
INSERT INTO `OrderInfo` VALUES (1,1,1,'완료','아이가 먹을거니 순하게 해주세요.','2023-10-28 12:00:00','2023-10-28 11:30:00'),(2,2,4,'완료','빨리 배달해주세요.',NULL,'2023-10-28 12:00:00'),(3,3,6,'취소','',NULL,'2023-10-28 12:30:00'),(4,4,8,'배달중','문 앞에 놓아주세요.','2023-10-28 13:00:00','2023-10-28 12:30:00'),(5,5,10,'조리중','땅콩 알러지 있어요.',NULL,'2023-10-28 13:00:00'),(6,6,11,'주문대기','','2023-10-28 18:00:00','2023-10-28 13:30:00'),(7,7,13,'완료','아이가 잘 먹어요. 감사합니다.',NULL,'2023-10-27 19:00:00'),(8,8,15,'완료','',NULL,'2023-10-27 18:30:00'),(9,9,17,'완료','리뷰 이벤트 참여합니다.',NULL,'2023-10-27 18:00:00'),(10,10,19,'완료','아이가 배고파해요. 빨리요!',NULL,'2023-10-27 17:30:00'),(11,11,21,'완료','','2023-10-27 17:00:00','2023-10-27 16:30:00'),(12,12,23,'완료','조심히 와주세요.',NULL,'2023-10-27 16:00:00'),(13,13,25,'완료','',NULL,'2023-10-27 15:30:00'),(14,14,27,'완료','맛있게 해주세요.',NULL,'2023-10-27 15:00:00'),(15,15,29,'완료','',NULL,'2023-10-27 14:30:00'),(16,1,1,'완료','두번째 주문입니다.','2023-10-26 12:00:00','2023-10-26 11:30:00'),(17,2,4,'완료','',NULL,'2023-10-26 12:00:00'),(18,3,6,'완료','맛있어요.',NULL,'2023-10-26 12:30:00'),(19,4,8,'완료','','2023-10-26 13:00:00','2023-10-26 12:30:00'),(20,5,10,'완료','아이가 좋아해요.',NULL,'2023-10-26 13:00:00'),(21,6,11,'완료','','2023-10-26 18:00:00','2023-10-26 13:30:00'),(22,7,13,'완료','',NULL,'2023-10-25 19:00:00'),(23,8,15,'완료','감사합니다.',NULL,'2023-10-25 18:30:00'),(24,9,17,'완료','',NULL,'2023-10-25 18:00:00'),(25,10,19,'완료','언제나 맛있어요.',NULL,'2023-10-25 17:30:00'),(26,11,21,'완료','','2023-10-25 17:00:00','2023-10-25 16:30:00'),(27,12,23,'완료','잘 먹겠습니다.',NULL,'2023-10-25 16:00:00'),(28,13,25,'완료','',NULL,'2023-10-25 15:30:00'),(29,14,27,'완료','항상 응원합니다.',NULL,'2023-10-25 15:00:00'),(30,15,29,'완료','',NULL,'2023-10-25 14:30:00'),(31,31,31,'완료','알러지 정보 확인해주세요.','2023-10-29 12:00:00','2023-10-29 11:30:00'),(32,32,33,'완료','빨리 와주세요!',NULL,'2023-10-29 12:00:00'),(33,33,35,'취소','',NULL,'2023-10-29 12:30:00'),(34,34,37,'배달중','문 앞에 두고 벨 눌러주세요.','2023-10-29 13:00:00','2023-10-29 12:30:00'),(35,35,39,'조리중','견과류 알러지 있습니다.',NULL,'2023-10-29 13:00:00'),(36,36,41,'주문대기','','2023-10-29 18:00:00','2023-10-29 13:30:00'),(37,37,43,'완료','맛있게 잘 먹었습니다.',NULL,'2023-10-28 19:00:00'),(38,38,45,'완료','',NULL,'2023-10-28 18:30:00'),(39,39,47,'완료','리뷰 이벤트 참여!',NULL,'2023-10-28 18:00:00'),(40,40,49,'완료','아이가 배고파서 울고 있어요ㅠㅠ',NULL,'2023-10-28 17:30:00'),(41,41,51,'완료','','2023-10-28 17:00:00','2023-10-28 16:30:00'),(42,42,53,'완료','안전하게 와주세요.',NULL,'2023-10-28 16:00:00'),(43,43,55,'완료','',NULL,'2023-10-28 15:30:00'),(44,44,57,'완료','정성껏 만들어주세요.',NULL,'2023-10-28 15:00:00'),(45,45,59,'완료','',NULL,'2023-10-28 14:30:00'),(46,46,61,'완료','세번째 주문입니다. 맛있어요.','2023-10-27 12:00:00','2023-10-27 11:30:00'),(47,47,63,'완료','',NULL,'2023-10-27 12:00:00'),(48,48,65,'완료','아이가 잘 먹어요.',NULL,'2023-10-27 12:30:00'),(49,49,67,'완료','','2023-10-27 13:00:00','2023-10-27 12:30:00'),(50,50,69,'완료','아이가 정말 좋아해요.',NULL,'2023-10-27 13:00:00'),(51,51,71,'완료','','2023-10-27 18:00:00','2023-10-27 13:30:00'),(52,52,73,'완료','',NULL,'2023-10-26 19:00:00'),(53,53,75,'완료','감사합니다. 맛있어요.',NULL,'2023-10-26 18:30:00'),(54,54,77,'완료','',NULL,'2023-10-26 18:00:00'),(55,55,79,'완료','늘 먹던걸로요.',NULL,'2023-10-26 17:30:00'),(56,56,81,'완료','','2023-10-26 17:00:00','2023-10-26 16:30:00'),(57,57,83,'완료','잘 먹일게요.',NULL,'2023-10-26 16:00:00'),(58,58,85,'완료','',NULL,'2023-10-26 15:30:00'),(59,59,87,'완료','사장님 번창하세요.',NULL,'2023-10-26 15:00:00'),(60,60,89,'완료','',NULL,'2023-10-26 14:30:00'),(61,61,91,'완료','맛있게 부탁드려요.','2023-10-25 12:00:00','2023-10-25 11:30:00'),(62,62,93,'완료','',NULL,'2023-10-25 12:00:00'),(63,63,95,'완료','아이가 이것만 먹어요.',NULL,'2023-10-25 12:30:00'),(64,64,97,'완료','','2023-10-25 13:00:00','2023-10-25 12:30:00'),(65,65,99,'완료','두번째 주문입니다.',NULL,'2023-10-25 13:00:00'),(66,66,101,'완료','','2023-10-25 18:00:00','2023-10-25 13:30:00'),(67,67,103,'완료','',NULL,'2023-10-24 19:00:00'),(68,68,105,'완료','감사합니다.',NULL,'2023-10-24 18:30:00'),(69,69,107,'완료','',NULL,'2023-10-24 18:00:00'),(70,70,109,'완료','언제나 맛있습니다.',NULL,'2023-10-24 17:30:00'),(71,71,111,'완료','','2023-10-24 17:00:00','2023-10-24 16:30:00'),(72,72,113,'완료','잘 먹겠습니다.',NULL,'2023-10-24 16:00:00'),(73,73,115,'완료','',NULL,'2023-10-24 15:30:00'),(74,74,117,'완료','항상 응원합니다!',NULL,'2023-10-24 15:00:00'),(75,75,119,'완료','',NULL,'2023-10-24 14:30:00'),(76,76,121,'완료','맛있어요.','2023-10-23 12:00:00','2023-10-23 11:30:00'),(77,77,123,'완료','',NULL,'2023-10-23 12:00:00'),(78,78,125,'완료','아이가 잘 먹어서 또 시켰어요.',NULL,'2023-10-23 12:30:00'),(79,79,127,'완료','','2023-10-23 13:00:00','2023-10-23 12:30:00'),(80,80,129,'완료','아이가 이것만 찾네요.',NULL,'2023-10-23 13:00:00'),(81,81,31,'완료','','2023-10-23 18:00:00','2023-10-23 13:30:00'),(82,82,33,'완료','',NULL,'2023-10-22 19:00:00'),(83,83,35,'완료','감사합니다. 잘 먹일게요.',NULL,'2023-10-22 18:30:00'),(84,84,37,'완료','',NULL,'2023-10-22 18:00:00'),(85,85,39,'완료','늘 맛있게 잘 먹고 있습니다.',NULL,'2023-10-22 17:30:00'),(86,86,41,'완료','','2023-10-22 17:00:00','2023-10-22 16:30:00'),(87,87,43,'완료','잘 먹일게요. 감사합니다.',NULL,'2023-10-22 16:00:00'),(88,88,45,'완료','',NULL,'2023-10-22 15:30:00'),(89,89,47,'완료','번창하세요!',NULL,'2023-10-22 15:00:00'),(90,90,49,'완료','',NULL,'2023-10-22 14:30:00'),(91,91,51,'완료','맛있게 만들어주세요.','2023-10-21 12:00:00','2023-10-21 11:30:00'),(92,92,53,'완료','',NULL,'2023-10-21 12:00:00'),(93,93,55,'완료','아이가 이것만 찾아서 또 주문합니다.',NULL,'2023-10-21 12:30:00'),(94,94,57,'완료','','2023-10-21 13:00:00','2023-10-21 12:30:00'),(95,95,59,'완료','세번째 주문이네요.',NULL,'2023-10-21 13:00:00'),(96,96,61,'완료','','2023-10-21 18:00:00','2023-10-21 13:30:00'),(97,97,63,'완료','',NULL,'2023-10-20 19:00:00'),(98,98,65,'완료','감사합니다! 맛있어요.',NULL,'2023-10-20 18:30:00'),(99,99,67,'완료','',NULL,'2023-10-20 18:00:00'),(100,100,69,'완료','항상 맛있게 잘 먹고 있습니다.',NULL,'2023-10-20 17:30:00'),(101,101,71,'완료','','2023-10-20 17:00:00','2023-10-20 16:30:00'),(102,102,73,'완료','잘 먹겠습니다. 감사합니다.',NULL,'2023-10-20 16:00:00'),(103,103,75,'완료','',NULL,'2023-10-20 15:30:00'),(104,104,77,'완료','응원합니다!',NULL,'2023-10-20 15:00:00'),(105,105,79,'완료','',NULL,'2023-10-20 14:30:00'),(106,106,81,'완료','맛있게 부탁드립니다.','2023-10-19 12:00:00','2023-10-19 11:30:00'),(107,107,83,'완료','',NULL,'2023-10-19 12:00:00'),(108,108,85,'완료','아이가 이것만 먹어서 또 주문해요.',NULL,'2023-10-19 12:30:00'),(109,109,87,'완료','','2023-10-19 13:00:00','2023-10-19 12:30:00'),(110,110,89,'완료','네번째 주문입니다.',NULL,'2023-10-19 13:00:00'),(111,111,91,'완료','','2023-10-19 18:00:00','2023-10-19 13:30:00'),(112,112,93,'완료','',NULL,'2023-10-18 19:00:00'),(113,113,95,'완료','감사합니다. 맛있게 잘 먹일게요.',NULL,'2023-10-18 18:30:00'),(114,114,97,'완료','',NULL,'2023-10-18 18:00:00'),(115,115,99,'완료','항상 잘 먹고 있습니다.',NULL,'2023-10-18 17:30:00'),(116,116,101,'완료','','2023-10-18 17:00:00','2023-10-18 16:30:00'),(117,117,103,'완료','잘 먹일게요.',NULL,'2023-10-18 16:00:00'),(118,118,105,'완료','',NULL,'2023-10-18 15:30:00'),(119,119,107,'완료','번창하세요.',NULL,'2023-10-18 15:00:00'),(120,120,109,'완료','',NULL,'2023-10-18 14:30:00'),(121,121,111,'완료','맛있게 해주세요.','2023-10-17 12:00:00','2023-10-17 11:30:00'),(122,122,113,'완료','',NULL,'2023-10-17 12:00:00'),(123,123,115,'완료','아이가 이것만 먹어서 또 주문합니다.',NULL,'2023-10-17 12:30:00'),(124,124,117,'완료','','2023-10-17 13:00:00','2023-10-17 12:30:00'),(125,125,119,'완료','다섯번째 주문입니다.',NULL,'2023-10-17 13:00:00'),(126,126,121,'완료','','2023-10-17 18:00:00','2023-10-17 13:30:00'),(127,127,123,'완료','',NULL,'2023-10-16 19:00:00'),(128,128,125,'완료','감사합니다. 맛있어요.',NULL,'2023-10-16 18:30:00'),(129,129,127,'완료','',NULL,'2023-10-16 18:00:00'),(130,130,129,'완료','항상 맛있게 잘 먹고 있습니다.',NULL,'2023-10-16 17:30:00');
/*!40000 ALTER TABLE `OrderInfo` ENABLE KEYS */;
UNLOCK TABLES;

--
-- Table structure for table `OrderItem`
--

DROP TABLE IF EXISTS `OrderItem`;
/*!40101 SET @saved_cs_client     = @@character_set_client */;
/*!50503 SET character_set_client = utf8mb4 */;
CREATE TABLE `OrderItem` (
  `order_item_id` int NOT NULL AUTO_INCREMENT,
  `order_id` int NOT NULL,
  `food_id` int NOT NULL,
  `spicy_level` tinyint DEFAULT NULL,
  `salty_level` tinyint DEFAULT NULL,
  `sweet_level` tinyint DEFAULT NULL,
  `final_price` decimal(10,2) NOT NULL,
  `store_id` int DEFAULT NULL,
  `user_id` int DEFAULT NULL,
  `status` varchar(50) DEFAULT NULL,
  `request_note` varchar(50) DEFAULT NULL,
  `reservation_time` varchar(50) DEFAULT NULL,
  `created_at` varchar(50) DEFAULT NULL,
  PRIMARY KEY (`order_item_id`),
  KEY `order_id` (`order_id`),
  KEY `food_id` (`food_id`),
  CONSTRAINT `orderitem_ibfk_1` FOREIGN KEY (`order_id`) REFERENCES `OrderInfo` (`order_id`) ON DELETE CASCADE,
  CONSTRAINT `orderitem_ibfk_2` FOREIGN KEY (`food_id`) REFERENCES `Food` (`food_id`),
  CONSTRAINT `orderitem_chk_1` CHECK ((`spicy_level` between 0 and 5)),
  CONSTRAINT `orderitem_chk_2` CHECK ((`salty_level` between 0 and 5)),
  CONSTRAINT `orderitem_chk_3` CHECK ((`sweet_level` between 0 and 5))
) ENGINE=InnoDB AUTO_INCREMENT=131 DEFAULT CHARSET=utf8mb4 COLLATE=utf8mb4_0900_ai_ci;
/*!40101 SET character_set_client = @saved_cs_client */;

--
-- Dumping data for table `OrderItem`
--

LOCK TABLES `OrderItem` WRITE;
/*!40000 ALTER TABLE `OrderItem` DISABLE KEYS */;
INSERT INTO `OrderItem` VALUES (1,1,1,1,1,1,5000.00,NULL,NULL,NULL,NULL,NULL,NULL),(2,1,2,1,1,1,5500.00,NULL,NULL,NULL,NULL,NULL,NULL),(3,2,3,1,1,1,6000.00,NULL,NULL,NULL,NULL,NULL,NULL),(4,4,4,1,1,1,7000.00,NULL,NULL,NULL,NULL,NULL,NULL),(5,4,5,1,1,1,5800.00,NULL,NULL,NULL,NULL,NULL,NULL),(6,5,6,1,1,1,7500.00,NULL,NULL,NULL,NULL,NULL,NULL),(7,6,7,1,1,1,6200.00,NULL,NULL,NULL,NULL,NULL,NULL),(8,7,8,2,1,3,6500.00,NULL,NULL,NULL,NULL,NULL,NULL),(9,8,9,1,2,1,6000.00,NULL,NULL,NULL,NULL,NULL,NULL),(10,9,10,1,1,2,7800.00,NULL,NULL,NULL,NULL,NULL,NULL),(11,10,11,1,1,1,6800.00,NULL,NULL,NULL,NULL,NULL,NULL),(12,11,12,1,1,1,5500.00,NULL,NULL,NULL,NULL,NULL,NULL),(13,12,13,1,1,1,6300.00,NULL,NULL,NULL,NULL,NULL,NULL),(14,13,14,1,1,1,5700.00,NULL,NULL,NULL,NULL,NULL,NULL),(15,14,15,1,1,1,7000.00,NULL,NULL,NULL,NULL,NULL,NULL),(16,15,16,1,1,1,8200.00,NULL,NULL,NULL,NULL,NULL,NULL),(17,16,1,1,1,1,5000.00,NULL,NULL,NULL,NULL,NULL,NULL),(18,17,3,1,1,1,6000.00,NULL,NULL,NULL,NULL,NULL,NULL),(19,18,5,1,1,1,5800.00,NULL,NULL,NULL,NULL,NULL,NULL),(20,19,7,1,1,1,6200.00,NULL,NULL,NULL,NULL,NULL,NULL),(21,20,9,1,1,1,6000.00,NULL,NULL,NULL,NULL,NULL,NULL),(22,21,11,1,1,1,6800.00,NULL,NULL,NULL,NULL,NULL,NULL),(23,22,13,1,1,1,6300.00,NULL,NULL,NULL,NULL,NULL,NULL),(24,23,15,1,1,1,7000.00,NULL,NULL,NULL,NULL,NULL,NULL),(25,24,17,1,1,1,6700.00,NULL,NULL,NULL,NULL,NULL,NULL),(26,25,19,1,1,1,6900.00,NULL,NULL,NULL,NULL,NULL,NULL),(27,26,21,1,1,1,5200.00,NULL,NULL,NULL,NULL,NULL,NULL),(28,27,23,1,1,1,8500.00,NULL,NULL,NULL,NULL,NULL,NULL),(29,28,25,1,1,1,7200.00,NULL,NULL,NULL,NULL,NULL,NULL),(30,29,27,1,1,1,6600.00,NULL,NULL,NULL,NULL,NULL,NULL),(31,31,31,1,1,1,6000.00,NULL,NULL,NULL,NULL,NULL,NULL),(32,31,32,1,1,1,6500.00,NULL,NULL,NULL,NULL,NULL,NULL),(33,32,33,1,1,1,7000.00,NULL,NULL,NULL,NULL,NULL,NULL),(34,34,34,1,1,1,8000.00,NULL,NULL,NULL,NULL,NULL,NULL),(35,34,35,1,1,1,7800.00,NULL,NULL,NULL,NULL,NULL,NULL),(36,35,36,1,1,1,7200.00,NULL,NULL,NULL,NULL,NULL,NULL),(37,36,37,1,1,1,6800.00,NULL,NULL,NULL,NULL,NULL,NULL),(38,37,38,2,1,3,7500.00,NULL,NULL,NULL,NULL,NULL,NULL),(39,38,39,1,2,1,8500.00,NULL,NULL,NULL,NULL,NULL,NULL),(40,39,40,1,1,2,8200.00,NULL,NULL,NULL,NULL,NULL,NULL),(41,40,41,1,1,1,7600.00,NULL,NULL,NULL,NULL,NULL,NULL),(42,41,42,1,1,1,6900.00,NULL,NULL,NULL,NULL,NULL,NULL),(43,42,43,1,1,1,7300.00,NULL,NULL,NULL,NULL,NULL,NULL),(44,43,44,1,1,1,7700.00,NULL,NULL,NULL,NULL,NULL,NULL),(45,44,45,1,1,1,9000.00,NULL,NULL,NULL,NULL,NULL,NULL),(46,45,46,1,1,1,8800.00,NULL,NULL,NULL,NULL,NULL,NULL),(47,46,31,1,1,1,6000.00,NULL,NULL,NULL,NULL,NULL,NULL),(48,47,33,1,1,1,7000.00,NULL,NULL,NULL,NULL,NULL,NULL),(49,48,35,1,1,1,7800.00,NULL,NULL,NULL,NULL,NULL,NULL),(50,49,37,1,1,1,6800.00,NULL,NULL,NULL,NULL,NULL,NULL),(51,50,39,1,1,1,8500.00,NULL,NULL,NULL,NULL,NULL,NULL),(52,51,41,1,1,1,7600.00,NULL,NULL,NULL,NULL,NULL,NULL),(53,52,43,1,1,1,7300.00,NULL,NULL,NULL,NULL,NULL,NULL),(54,53,45,1,1,1,9000.00,NULL,NULL,NULL,NULL,NULL,NULL),(55,54,47,1,1,1,8000.00,NULL,NULL,NULL,NULL,NULL,NULL),(56,55,49,1,1,1,8300.00,NULL,NULL,NULL,NULL,NULL,NULL),(57,56,51,1,1,1,8500.00,NULL,NULL,NULL,NULL,NULL,NULL),(58,57,53,1,1,1,8400.00,NULL,NULL,NULL,NULL,NULL,NULL),(59,58,55,1,1,1,8800.00,NULL,NULL,NULL,NULL,NULL,NULL),(60,59,57,1,1,1,8700.00,NULL,NULL,NULL,NULL,NULL,NULL),(61,60,59,1,1,1,7900.00,NULL,NULL,NULL,NULL,NULL,NULL),(62,61,61,1,1,1,8600.00,NULL,NULL,NULL,NULL,NULL,NULL),(63,62,63,1,1,1,8900.00,NULL,NULL,NULL,NULL,NULL,NULL),(64,63,65,1,1,1,8800.00,NULL,NULL,NULL,NULL,NULL,NULL),(65,64,67,1,1,1,9500.00,NULL,NULL,NULL,NULL,NULL,NULL),(66,65,69,1,1,1,12000.00,NULL,NULL,NULL,NULL,NULL,NULL),(67,66,71,1,1,1,8900.00,NULL,NULL,NULL,NULL,NULL,NULL),(68,67,73,1,1,1,8700.00,NULL,NULL,NULL,NULL,NULL,NULL),(69,68,75,1,1,1,9100.00,NULL,NULL,NULL,NULL,NULL,NULL),(70,69,77,1,1,1,9000.00,NULL,NULL,NULL,NULL,NULL,NULL),(71,70,79,1,1,1,9800.00,NULL,NULL,NULL,NULL,NULL,NULL),(72,71,81,1,1,1,9200.00,NULL,NULL,NULL,NULL,NULL,NULL),(73,72,83,1,1,1,9400.00,NULL,NULL,NULL,NULL,NULL,NULL),(74,73,85,1,1,1,9300.00,NULL,NULL,NULL,NULL,NULL,NULL),(75,74,87,1,1,1,9100.00,NULL,NULL,NULL,NULL,NULL,NULL),(76,75,89,1,1,1,10000.00,NULL,NULL,NULL,NULL,NULL,NULL),(77,76,91,1,1,1,9500.00,NULL,NULL,NULL,NULL,NULL,NULL),(78,77,93,1,1,1,9700.00,NULL,NULL,NULL,NULL,NULL,NULL),(79,78,95,1,1,1,9800.00,NULL,NULL,NULL,NULL,NULL,NULL),(80,79,97,1,1,1,9600.00,NULL,NULL,NULL,NULL,NULL,NULL),(81,80,99,1,1,1,11000.00,NULL,NULL,NULL,NULL,NULL,NULL),(82,81,101,1,1,1,9900.00,NULL,NULL,NULL,NULL,NULL,NULL),(83,82,103,1,1,1,15000.00,NULL,NULL,NULL,NULL,NULL,NULL),(84,83,105,1,1,1,9700.00,NULL,NULL,NULL,NULL,NULL,NULL),(85,84,107,1,1,1,9300.00,NULL,NULL,NULL,NULL,NULL,NULL),(86,85,109,1,1,1,9800.00,NULL,NULL,NULL,NULL,NULL,NULL),(87,86,111,1,1,1,9900.00,NULL,NULL,NULL,NULL,NULL,NULL),(88,87,113,1,1,1,10200.00,NULL,NULL,NULL,NULL,NULL,NULL),(89,88,115,1,1,1,9700.00,NULL,NULL,NULL,NULL,NULL,NULL),(90,89,117,1,1,1,10800.00,NULL,NULL,NULL,NULL,NULL,NULL),(91,90,119,1,1,1,10500.00,NULL,NULL,NULL,NULL,NULL,NULL),(92,91,121,1,1,1,10300.00,NULL,NULL,NULL,NULL,NULL,NULL),(93,92,123,1,1,1,10100.00,NULL,NULL,NULL,NULL,NULL,NULL),(94,93,125,1,1,1,10600.00,NULL,NULL,NULL,NULL,NULL,NULL),(95,94,127,1,1,1,10400.00,NULL,NULL,NULL,NULL,NULL,NULL),(96,95,129,1,1,1,13000.00,NULL,NULL,NULL,NULL,NULL,NULL),(97,96,32,1,1,1,6500.00,NULL,NULL,NULL,NULL,NULL,NULL),(98,97,34,1,1,1,8000.00,NULL,NULL,NULL,NULL,NULL,NULL),(99,98,36,1,1,1,7200.00,NULL,NULL,NULL,NULL,NULL,NULL),(100,99,38,1,1,1,7500.00,NULL,NULL,NULL,NULL,NULL,NULL),(101,100,40,1,1,1,8200.00,NULL,NULL,NULL,NULL,NULL,NULL),(102,101,42,1,1,1,6900.00,NULL,NULL,NULL,NULL,NULL,NULL),(103,102,44,1,1,1,7700.00,NULL,NULL,NULL,NULL,NULL,NULL),(104,103,46,1,1,1,8800.00,NULL,NULL,NULL,NULL,NULL,NULL),(105,104,48,1,1,1,7400.00,NULL,NULL,NULL,NULL,NULL,NULL),(106,105,50,1,1,1,5500.00,NULL,NULL,NULL,NULL,NULL,NULL),(107,106,52,1,1,1,6000.00,NULL,NULL,NULL,NULL,NULL,NULL),(108,107,54,1,1,1,7900.00,NULL,NULL,NULL,NULL,NULL,NULL),(109,108,56,1,1,1,8100.00,NULL,NULL,NULL,NULL,NULL,NULL),(110,109,58,1,1,1,5800.00,NULL,NULL,NULL,NULL,NULL,NULL),(111,110,60,1,1,1,8200.00,NULL,NULL,NULL,NULL,NULL,NULL),(112,111,62,1,1,1,8300.00,NULL,NULL,NULL,NULL,NULL,NULL),(113,112,64,1,1,1,9200.00,NULL,NULL,NULL,NULL,NULL,NULL),(114,113,66,1,1,1,8500.00,NULL,NULL,NULL,NULL,NULL,NULL),(115,114,68,1,1,1,9300.00,NULL,NULL,NULL,NULL,NULL,NULL),(116,115,70,1,1,1,15000.00,NULL,NULL,NULL,NULL,NULL,NULL),(117,116,72,1,1,1,9200.00,NULL,NULL,NULL,NULL,NULL,NULL),(118,117,74,1,1,1,7500.00,NULL,NULL,NULL,NULL,NULL,NULL),(119,118,76,1,1,1,9400.00,NULL,NULL,NULL,NULL,NULL,NULL),(120,119,78,1,1,1,8000.00,NULL,NULL,NULL,NULL,NULL,NULL),(121,120,80,1,1,1,7800.00,NULL,NULL,NULL,NULL,NULL,NULL),(122,121,82,1,1,1,7600.00,NULL,NULL,NULL,NULL,NULL,NULL),(123,122,84,1,1,1,8500.00,NULL,NULL,NULL,NULL,NULL,NULL),(124,123,86,1,1,1,8200.00,NULL,NULL,NULL,NULL,NULL,NULL),(125,124,88,1,1,1,8800.00,NULL,NULL,NULL,NULL,NULL,NULL),(126,125,90,1,1,1,9600.00,NULL,NULL,NULL,NULL,NULL,NULL),(127,126,92,1,1,1,8400.00,NULL,NULL,NULL,NULL,NULL,NULL),(128,127,94,1,1,1,9000.00,NULL,NULL,NULL,NULL,NULL,NULL),(129,128,96,1,1,1,8600.00,NULL,NULL,NULL,NULL,NULL,NULL),(130,129,98,1,1,1,9200.00,NULL,NULL,NULL,NULL,NULL,NULL);
/*!40000 ALTER TABLE `OrderItem` ENABLE KEYS */;
UNLOCK TABLES;

--
-- Table structure for table `Payment`
--

DROP TABLE IF EXISTS `Payment`;
/*!40101 SET @saved_cs_client     = @@character_set_client */;
/*!50503 SET character_set_client = utf8mb4 */;
CREATE TABLE `Payment` (
  `payment_id` int NOT NULL AUTO_INCREMENT,
  `user_id` int NOT NULL,
  `method` enum('카드','현금','포인트','간편결제') DEFAULT NULL,
  `payment_time` datetime DEFAULT CURRENT_TIMESTAMP,
  `status` enum('성공','실패','취소') DEFAULT '성공',
  `amount` decimal(10,2) NOT NULL,
  `order_id` int DEFAULT NULL,
  PRIMARY KEY (`payment_id`),
  UNIQUE KEY `order_id` (`order_id`),
  KEY `user_id` (`user_id`),
  CONSTRAINT `fk_payment_order` FOREIGN KEY (`order_id`) REFERENCES `OrderInfo` (`order_id`) ON DELETE CASCADE,
  CONSTRAINT `payment_ibfk_1` FOREIGN KEY (`user_id`) REFERENCES `User` (`user_id`)
) ENGINE=InnoDB AUTO_INCREMENT=131 DEFAULT CHARSET=utf8mb4 COLLATE=utf8mb4_0900_ai_ci;
/*!40101 SET character_set_client = @saved_cs_client */;

--
-- Dumping data for table `Payment`
--

LOCK TABLES `Payment` WRITE;
/*!40000 ALTER TABLE `Payment` DISABLE KEYS */;
INSERT INTO `Payment` VALUES (1,1,'카드','2023-10-28 11:32:00','성공',10500.00,1),(2,4,'간편결제','2023-10-28 12:02:00','성공',6000.00,2),(3,6,'카드','2023-10-28 12:31:00','취소',0.00,3),(4,8,'현금','2023-10-28 12:33:00','성공',12800.00,4),(5,10,'포인트','2023-10-28 13:01:00','성공',7500.00,5),(6,11,'카드','2023-10-28 13:30:00','성공',6200.00,6),(7,13,'간편결제','2023-10-27 19:03:00','성공',6500.00,7),(8,15,'카드','2023-10-27 18:32:00','성공',6000.00,8),(9,17,'현금','2023-10-27 18:01:00','성공',7800.00,9),(10,19,'포인트','2023-10-27 17:31:00','성공',6800.00,10),(11,21,'카드','2023-10-27 16:33:00','성공',5500.00,11),(12,23,'간편결제','2023-10-27 16:02:00','성공',6300.00,12),(13,25,'카드','2023-10-27 15:31:00','성공',5700.00,13),(14,27,'현금','2023-10-27 15:03:00','성공',7000.00,14),(15,29,'포인트','2023-10-27 14:32:00','성공',8200.00,15),(16,1,'카드','2023-10-26 11:31:00','성공',5000.00,16),(17,4,'간편결제','2023-10-26 12:03:00','성공',6000.00,17),(18,6,'카드','2023-10-26 12:32:00','성공',5800.00,18),(19,8,'현금','2023-10-26 12:31:00','성공',6200.00,19),(20,10,'포인트','2023-10-26 13:02:00','성공',6000.00,20),(21,11,'카드','2023-10-26 13:33:00','성공',6800.00,21),(22,13,'간편결제','2023-10-25 19:01:00','성공',6300.00,22),(23,15,'카드','2023-10-25 18:32:00','성공',7000.00,23),(24,17,'현금','2023-10-25 18:03:00','성공',6700.00,24),(25,19,'포인트','2023-10-25 17:32:00','성공',6900.00,25),(26,21,'카드','2023-10-25 16:31:00','성공',5200.00,26),(27,23,'간편결제','2023-10-25 16:02:00','성공',8500.00,27),(28,25,'카드','2023-10-25 15:33:00','성공',7200.00,28),(29,27,'현금','2023-10-25 15:01:00','성공',6600.00,29),(30,29,'포인트','2023-10-25 14:32:00','성공',5000.00,30),(31,31,'카드','2023-10-29 11:32:00','성공',12500.00,31),(32,33,'간편결제','2023-10-29 12:02:00','성공',7000.00,32),(33,35,'카드','2023-10-29 12:31:00','취소',0.00,33),(34,37,'현금','2023-10-29 12:33:00','성공',15800.00,34),(35,39,'포인트','2023-10-29 13:01:00','성공',7200.00,35),(36,41,'카드','2023-10-29 13:30:00','성공',6800.00,36),(37,43,'간편결제','2023-10-28 19:03:00','성공',7500.00,37),(38,45,'카드','2023-10-28 18:32:00','성공',8500.00,38),(39,47,'현금','2023-10-28 18:01:00','성공',8200.00,39),(40,49,'포인트','2023-10-28 17:31:00','성공',7600.00,40),(41,51,'카드','2023-10-28 16:33:00','성공',6900.00,41),(42,53,'간편결제','2023-10-28 16:02:00','성공',7300.00,42),(43,55,'카드','2023-10-28 15:31:00','성공',7700.00,43),(44,57,'현금','2023-10-28 15:03:00','성공',9000.00,44),(45,59,'포인트','2023-10-28 14:32:00','성공',8800.00,45),(46,61,'카드','2023-10-27 11:31:00','성공',6000.00,46),(47,63,'간편결제','2023-10-27 12:03:00','성공',7000.00,47),(48,65,'카드','2023-10-27 12:32:00','성공',7800.00,48),(49,67,'현금','2023-10-27 12:31:00','성공',6800.00,49),(50,69,'포인트','2023-10-27 13:02:00','성공',8500.00,50),(51,71,'카드','2023-10-27 13:33:00','성공',7600.00,51),(52,73,'간편결제','2023-10-26 19:01:00','성공',7300.00,52),(53,75,'카드','2023-10-26 18:32:00','성공',9000.00,53),(54,77,'현금','2023-10-26 18:03:00','성공',8000.00,54),(55,79,'포인트','2023-10-26 17:32:00','성공',8300.00,55),(56,81,'카드','2023-10-26 16:31:00','성공',8500.00,56),(57,83,'간편결제','2023-10-26 16:02:00','성공',8400.00,57),(58,85,'카드','2023-10-26 15:31:00','성공',8800.00,58),(59,87,'현금','2023-10-26 15:03:00','성공',8700.00,59),(60,89,'포인트','2023-10-26 14:32:00','성공',7900.00,60),(61,91,'카드','2023-10-25 11:31:00','성공',8600.00,61),(62,93,'간편결제','2023-10-25 12:03:00','성공',8900.00,62),(63,95,'카드','2023-10-25 12:32:00','성공',8800.00,63),(64,97,'현금','2023-10-25 12:31:00','성공',9500.00,64),(65,99,'포인트','2023-10-25 13:02:00','성공',12000.00,65),(66,101,'카드','2023-10-25 13:33:00','성공',8900.00,66),(67,103,'간편결제','2023-10-24 19:01:00','성공',8700.00,67),(68,105,'카드','2023-10-24 18:32:00','성공',9100.00,68),(69,107,'현금','2023-10-24 18:03:00','성공',9000.00,69),(70,109,'포인트','2023-10-24 17:32:00','성공',9800.00,70),(71,111,'카드','2023-10-24 16:31:00','성공',9200.00,71),(72,113,'간편결제','2023-10-24 16:02:00','성공',9400.00,72),(73,115,'카드','2023-10-24 15:31:00','성공',9300.00,73),(74,117,'현금','2023-10-24 15:03:00','성공',9100.00,74),(75,119,'포인트','2023-10-24 14:32:00','성공',10000.00,75),(76,121,'카드','2023-10-23 11:31:00','성공',9500.00,76),(77,123,'간편결제','2023-10-23 12:03:00','성공',9700.00,77),(78,125,'카드','2023-10-23 12:32:00','성공',9800.00,78),(79,127,'현금','2023-10-23 12:31:00','성공',9600.00,79),(80,129,'포인트','2023-10-23 13:02:00','성공',11000.00,80),(81,31,'카드','2023-10-23 13:33:00','성공',9900.00,81),(82,33,'간편결제','2023-10-22 19:01:00','성공',15000.00,82),(83,35,'카드','2023-10-22 18:32:00','성공',9700.00,83),(84,37,'현금','2023-10-22 18:03:00','성공',9300.00,84),(85,39,'포인트','2023-10-22 17:32:00','성공',9800.00,85),(86,41,'카드','2023-10-22 16:31:00','성공',9900.00,86),(87,43,'간편결제','2023-10-22 16:02:00','성공',10200.00,87),(88,45,'카드','2023-10-22 15:31:00','성공',9700.00,88),(89,47,'현금','2023-10-22 15:03:00','성공',10800.00,89),(90,49,'포인트','2023-10-22 14:32:00','성공',10500.00,90),(91,51,'카드','2023-10-21 11:31:00','성공',10300.00,91),(92,53,'간편결제','2023-10-21 12:03:00','성공',10100.00,92),(93,55,'카드','2023-10-21 12:32:00','성공',10600.00,93),(94,57,'현금','2023-10-21 12:31:00','성공',10400.00,94),(95,59,'포인트','2023-10-21 13:02:00','성공',13000.00,95),(96,61,'카드','2023-10-21 13:33:00','성공',6500.00,96),(97,63,'간편결제','2023-10-20 19:01:00','성공',8000.00,97),(98,65,'카드','2023-10-20 18:32:00','성공',7200.00,98),(99,67,'현금','2023-10-20 18:03:00','성공',7500.00,99),(100,69,'포인트','2023-10-20 17:32:00','성공',8200.00,100),(101,71,'카드','2023-10-20 16:31:00','성공',6900.00,101),(102,73,'간편결제','2023-10-20 16:02:00','성공',7700.00,102),(103,75,'카드','2023-10-20 15:31:00','성공',8800.00,103),(104,77,'현금','2023-10-20 15:03:00','성공',7400.00,104),(105,79,'포인트','2023-10-20 14:32:00','성공',5500.00,105),(106,81,'카드','2023-10-19 11:31:00','성공',6000.00,106),(107,83,'간편결제','2023-10-19 12:03:00','성공',7900.00,107),(108,85,'카드','2023-10-19 12:32:00','성공',8100.00,108),(109,87,'현금','2023-10-19 12:31:00','성공',5800.00,109),(110,89,'포인트','2023-10-19 13:02:00','성공',8200.00,110),(111,91,'카드','2023-10-19 13:33:00','성공',8300.00,111),(112,93,'간편결제','2023-10-18 19:01:00','성공',9200.00,112),(113,95,'카드','2023-10-18 18:32:00','성공',8500.00,113),(114,97,'현금','2023-10-18 18:03:00','성공',9300.00,114),(115,99,'포인트','2023-10-18 17:32:00','성공',15000.00,115),(116,101,'카드','2023-10-18 16:31:00','성공',9200.00,116),(117,103,'간편결제','2023-10-18 16:02:00','성공',7500.00,117),(118,105,'카드','2023-10-18 15:31:00','성공',9400.00,118),(119,107,'현금','2023-10-18 15:03:00','성공',8000.00,119),(120,109,'포인트','2023-10-18 14:32:00','성공',7800.00,120),(121,111,'카드','2023-10-17 11:31:00','성공',7600.00,121),(122,113,'간편결제','2023-10-17 12:03:00','성공',8500.00,122),(123,115,'카드','2023-10-17 12:32:00','성공',8200.00,123),(124,117,'현금','2023-10-17 12:31:00','성공',8800.00,124),(125,119,'포인트','2023-10-17 13:02:00','성공',9600.00,125),(126,121,'카드','2023-10-17 13:33:00','성공',8400.00,126),(127,123,'간편결제','2023-10-16 19:01:00','성공',9000.00,127),(128,125,'카드','2023-10-16 18:32:00','성공',8600.00,128),(129,127,'현금','2023-10-16 18:03:00','성공',9200.00,129),(130,129,'포인트','2023-10-16 17:32:00','성공',9800.00,130);
/*!40000 ALTER TABLE `Payment` ENABLE KEYS */;
UNLOCK TABLES;

--
-- Table structure for table `Store`
--

DROP TABLE IF EXISTS `Store`;
/*!40101 SET @saved_cs_client     = @@character_set_client */;
/*!50503 SET character_set_client = utf8mb4 */;
CREATE TABLE `Store` (
  `store_id` int NOT NULL AUTO_INCREMENT,
  `user_id` int NOT NULL,
  `name` varchar(100) NOT NULL,
  `address` varchar(200) DEFAULT NULL,
  `phone` varchar(15) DEFAULT NULL,
  `description` text,
  `photo_url` varchar(255) DEFAULT NULL,
  `likes` int DEFAULT '0',
  PRIMARY KEY (`store_id`),
  KEY `user_id` (`user_id`),
  CONSTRAINT `store_ibfk_1` FOREIGN KEY (`user_id`) REFERENCES `User` (`user_id`) ON DELETE CASCADE
) ENGINE=InnoDB AUTO_INCREMENT=131 DEFAULT CHARSET=utf8mb4 COLLATE=utf8mb4_0900_ai_ci;
/*!40101 SET character_set_client = @saved_cs_client */;

--
-- Dumping data for table `Store`
--

LOCK TABLES `Store` WRITE;
/*!40000 ALTER TABLE `Store` DISABLE KEYS */;
INSERT INTO `Store` VALUES (1,2,'서연이네','서울시 강남구 테헤란로 123','02-1234-5678','엄마의 마음으로 만드는 건강한 이유식','http://example.com/store1.jpg',150),(2,5,'현우네','서울시 서초구 강남대로 456','02-2345-6789','신선한 재료로 만든 프리미엄 이유식','http://example.com/store2.jpg',200),(3,7,'지아네','서울시 송파구 올림픽로 789','02-3456-7890','유기농 재료만 사용하는 아기 이유식 전문점','http://example.com/store3.jpg',180),(4,9,'서준이네','서울시 마포구 월드컵북로 101','02-4567-8901','아빠가 만드는 영양만점 이유식','http://example.com/store4.jpg',120),(5,12,'채원이네','서울시 용산구 한강대로 202','02-5678-9012','매일 아침 만드는 신선한 이유식','http://example.com/store5.jpg',250),(6,14,'유준이네','서울시 종로구 세종대로 303','02-6789-0123','우리 아기를 위한 맞춤 이유식','http://example.com/store6.jpg',170),(7,16,'시우네','서울시 중구 을지로 404','02-7890-1234','전통 방식으로 만드는 건강 이유식','http://example.com/store7.jpg',130),(8,18,'건우네','서울시 동대문구 왕산로 505','02-8901-2345','깐깐한 엄마 아빠를 위한 이유식','http://example.com/store8.jpg',190),(9,20,'지호네','서울시 성동구 아차산로 606','02-9012-3456','자연주의 이유식 전문점','http://example.com/store9.jpg',160),(10,22,'도현이네','서울시 광진구 능동로 707','02-0123-4567','아기의 성장 단계에 맞춘 이유식','http://example.com/store10.jpg',220),(11,24,'준서네','서울시 강북구 도봉로 808','02-1111-2222','친환경 재료로 만든 안전한 이유식','http://example.com/store11.jpg',140),(12,26,'하준이네','서울시 노원구 동일로 909','02-2222-3333','정성 가득한 수제 이유식','http://example.com/store12.jpg',210),(13,28,'은우네','서울시 은평구 통일로 1010','02-3333-4444','아기의 건강을 최우선으로 생각하는 이유식','http://example.com/store13.jpg',180),(14,30,'선우네','서울시 서대문구 연세로 1111','02-4444-5555','사랑으로 만드는 우리 아기 첫 이유식','http://example.com/store14.jpg',230),(15,2,'서연이네 2호점','경기도 성남시 분당구 판교역로 1212','031-123-4567','판교맘들을 위한 프리미엄 이유식','http://example.com/store15.jpg',300),(16,5,'현우네 2호점','경기도 수원시 영통구 광교중앙로 1313','031-234-5678','광교 신도시의 건강한 이유식','http://example.com/store16.jpg',280),(17,7,'지아네 2호점','경기도 고양시 일산동구 중앙로 1414','031-345-6789','일산 엄마들의 선택, 명품 이유식','http://example.com/store17.jpg',260),(18,9,'서준이네 2호점','경기도 부천시 길주로 1515','032-456-7890','부천의 자랑, 우리 아기 이유식','http://example.com/store18.jpg',240),(19,12,'채원이네 2호점','인천시 연수구 송도국제대로 1616','032-567-8901','송도 국제도시의 건강한 선택','http://example.com/store19.jpg',320),(20,14,'유준이네 2호점','인천시 남동구 예술로 1717','032-678-9012','인천 맘들의 사랑을 받는 이유식','http://example.com/store20.jpg',290),(21,16,'시우네 2호점','대전시 서구 둔산로 1818','042-789-0123','대전의 중심, 둔산동의 건강 이유식','http://example.com/store21.jpg',270),(22,18,'건우네 2호점','대전시 유성구 대학로 1919','042-890-1234','유성구 엄마들의 안심 이유식','http://example.com/store22.jpg',310),(23,20,'지호네 2호점','광주시 서구 상무중앙로 2020','062-901-2345','광주의 맛, 상무지구의 건강 이유식','http://example.com/store23.jpg',280),(24,22,'도현이네 2호점','광주시 동구 금남로 2121','062-012-3456','금남로의 자랑, 우리 아기 이유식','http://example.com/store24.jpg',330),(25,24,'준서네 2호점','대구시 중구 동성로 2222','053-111-2222','대구의 중심, 동성로의 건강 이유식','http://example.com/store25.jpg',350),(26,26,'하준이네 2호점','대구시 수성구 달구벌대로 2323','053-222-3333','수성구 엄마들의 안심 이유식','http://example.com/store26.jpg',340),(27,28,'은우네 2호점','부산시 해운대구 마린시티2로 2424','051-333-4444','부산의 자부심, 마린시티의 명품 이유식','http://example.com/store27.jpg',400),(28,30,'선우네 2호점','부산시 부산진구 중앙대로 2525','051-444-5555','서면의 자랑, 우리 아기 이유식','http://example.com/store28.jpg',380),(29,2,'서연이네 3호점','울산시 남구 삼산로 2626','052-555-6666','울산의 중심, 삼산동의 건강 이유식','http://example.com/store29.jpg',360),(30,5,'현우네 3호점','울산시 중구 번영로 2727','052-666-7777','울산 엄마들의 안심 이유식','http://example.com/store30.jpg',370),(31,32,'지원이네','서울시 강남구 압구정로 123','02-1111-1111','프리미엄 유기농 이유식','http://example.com/store31.jpg',280),(32,34,'여빈이네','서울시 서초구 신반포로 456','02-2222-2222','매일 새벽 직송 재료로 만들어요','http://example.com/store32.jpg',320),(33,36,'고은이네','서울시 송파구 잠실로 789','02-3333-3333','아기 전문 영양사가 설계한 이유식','http://example.com/store33.jpg',300),(34,38,'인나네','서울시 강동구 천호대로 101','02-4444-4444','엄마의 정성을 담은 따뜻한 이유식','http://example.com/store34.jpg',260),(35,40,'예진이네','서울시 광진구 자양로 202','02-5555-5555','깐깐한 엄마들을 위한 최고의 선택','http://example.com/store35.jpg',350),(36,42,'민아네','서울시 성동구 왕십리로 303','02-6666-6666','우리 아기 첫 이유식은 민아네에서','http://example.com/store36.jpg',290),(37,44,'소희네','서울시 동대문구 답십리로 404','02-7777-7777','건강과 맛을 모두 잡은 이유식','http://example.com/store37.jpg',270),(38,46,'은빈이네','서울시 중랑구 동일로 505','02-8888-8888','변호사가 만든 믿을 수 있는 이유식','http://example.com/store38.jpg',380),(39,48,'현진이네','서울시 성북구 동소문로 606','02-9999-9999','또 오해영? 아니 또 주문하게 되는 맛!','http://example.com/store39.jpg',310),(40,50,'태리네','서울시 강북구 인수봉로 707','02-0000-0000','아가씨도 반한 바로 그 이유식','http://example.com/store40.jpg',400),(41,52,'수지네','서울시 도봉구 방학로 808','02-1234-4321','국민 첫사랑이 만드는 첫 이유식','http://example.com/store41.jpg',420),(42,54,'민영이네','서울시 노원구 상계로 909','02-2345-5432','김비서가 추천하는 바로 그 이유식','http://example.com/store42.jpg',390),(43,56,'아이유네','서울시 은평구 증산로 1010','02-3456-6543','좋은 날, 좋은 이유식','http://example.com/store43.jpg',500),(44,58,'유정이네','서울시 서대문구 이화여대길 1111','02-4567-7654','구르미 그린 달빛 아래 만든 이유식','http://example.com/store44.jpg',450),(45,60,'가영이네','서울시 마포구 독막로 1212','02-5678-8765','여신강림! 이유식계의 여신','http://example.com/store45.jpg',430),(46,62,'세정이네','서울시 양천구 목동동로 1313','02-6789-9876','경이로운 맛, 경이로운 이유식','http://example.com/store46.jpg',410),(47,64,'조이네','서울시 강서구 화곡로 1414','02-7890-0987','상큼한 그녀처럼 맛있는 이유식','http://example.com/store47.jpg',440),(48,66,'혜윤이네','서울시 구로구 디지털로 1515','02-8901-1098','어쩌다 발견한 최고의 이유식','http://example.com/store48.jpg',460),(49,68,'윤정이네','서울시 금천구 가산디지털1로 1616','02-9012-2109','환혼도 반한 맛, 절대 놓치지 마세요','http://example.com/store49.jpg',480),(50,70,'호연이네','서울시 영등포구 국제금융로 1717','02-0123-3210','오징어게임 우승상금으로 차린 이유식 가게','http://example.com/store50.jpg',550),(51,72,'유미네','서울시 동작구 여의대방로 1818','02-1122-4321','지금 우리 학교는 이유식 타임!','http://example.com/store51.jpg',470),(52,74,'인아네','서울시 관악구 관악로 1919','02-2233-5432','사내맞선 보고 찾는 바로 그 이유식','http://example.com/store52.jpg',490),(53,76,'민시네','서울시 서초구 서초대로 2020','02-3344-6543','스위트홈 같은 편안함, 달콤한 이유식','http://example.com/store53.jpg',510),(54,78,'규영이네','서울시 강남구 강남대로 2121','02-4455-7654','달리와 감자탕보다 맛있는 이유식','http://example.com/store54.jpg',520),(55,80,'채연이네','서울시 송파구 백제고분로 2222','02-5566-8765','다이아보다 빛나는 우리 아기 이유식','http://example.com/store55.jpg',530),(56,82,'소현이네','서울시 강동구 성내로 2323','02-6677-9876','라디오 로맨스처럼 달콤한 이유식','http://example.com/store56.jpg',540),(57,84,'향기네','서울시 광진구 아차산로 2424','02-7788-0987','신과함께, 우리 아기와 함께','http://example.com/store57.jpg',560),(58,86,'새론이네','서울시 성동구 성수이로 2525','02-8899-1098','아저씨도 반한 그 맛, 새론이네 이유식','http://example.com/store58.jpg',570),(59,88,'지후네','서울시 동대문구 회기로 2626','02-9900-2109','벌새처럼 섬세하게 만든 이유식','http://example.com/store59.jpg',580),(60,90,'해인이네','서울시 중랑구 봉화산로 2727','02-0011-3210','밥 잘 사주는 예쁜 누나? 밥 잘 만드는 멋진 사장님!','http://example.com/store60.jpg',600),(61,92,'혜선이네','서울시 성북구 정릉로 2828','02-1123-4321','서른이지만 열일곱의 마음으로 만들어요','http://example.com/store61.jpg',590),(62,94,'다미네','서울시 강북구 삼양로 2929','02-2345-5432','이태원 클라쓰를 보여주는 이유식','http://example.com/store62.jpg',620),(63,96,'소니네','서울시 도봉구 시루봉로 3030','02-3456-6543','청춘월담도 반한 바로 그 맛','http://example.com/store63.jpg',610),(64,98,'지민이네','서울시 노원구 화랑로 3131','02-4567-7654','눈이 부시게 맛있는 이유식','http://example.com/store64.jpg',630),(65,100,'은혜네','서울시 은평구 갈현로 3232','02-5678-8765','대장금의 손맛을 담은 이유식','http://example.com/store65.jpg',640),(66,102,'세영이네','서울시 서대문구 수색로 3333','02-6789-9876','옷소매 붉은 끝동처럼 아름다운 이유식','http://example.com/store66.jpg',650),(67,104,'윤아네','서울시 마포구 성산로 3434','02-7890-0987','킹더랜드의 VVIP를 위한 이유식','http://example.com/store67.jpg',700),(68,106,'명수네','서울시 양천구 신정로 3535','02-8901-1098','단, 하나의 사랑을 담은 이유식','http://example.com/store68.jpg',660),(69,108,'성우네','서울시 강서구 공항대로 3636','02-9012-2109','열여덟의 순간처럼 빛나는 이유식','http://example.com/store69.jpg',670),(70,110,'소민이네','서울시 구로구 경인로 3737','02-0123-3210','이번 생은 처음이라, 첫 이유식은 소민이네','http://example.com/store70.jpg',680),(71,112,'나나네','서울시 금천구 시흥대로 3838','02-1122-4321','굿와이프가 선택한 굿 이유식','http://example.com/store71.jpg',690),(72,114,'혜리네','서울시 영등포구 도림로 3939','02-2233-5432','응답하라 1988, 그 시절 정성 그대로','http://example.com/store72.jpg',720),(73,116,'수빈이네','서울시 동작구 상도로 4040','02-3344-6543','로봇이 아니야, 사람이 직접 만들어요','http://example.com/store73.jpg',710),(74,118,'선영이네','서울시 관악구 남부순환로 4141','02-4455-7654','슬기로운 의사생활, 슬기로운 이유식 생활','http://example.com/store74.jpg',730),(75,120,'미도네','서울시 서초구 효령로 4242','02-5566-8765','슬기로운 의사생활, 채송화도 반한 맛','http://example.com/store75.jpg',740),(76,122,'은진이네','서울시 강남구 논현로 4343','02-6677-9876','연인도 반하게 만드는 맛','http://example.com/store76.jpg',750),(77,124,'이현이네','서울시 송파구 위례성대로 4444','02-7788-0987','지금 우리 학교는 이유식 먹을 시간!','http://example.com/store77.jpg',760),(78,126,'은샘이네','서울시 강동구 양재대로 4545','02-8899-1098','치얼업! 힘이 나는 이유식','http://example.com/store78.jpg',770),(79,128,'재혁이네','서울시 광진구 강변북로 4646','02-9900-2109','지금 우리 학교는? 재혁이네 이유식!','http://example.com/store79.jpg',780),(80,130,'정은이네','서울시 성동구 뚝섬로 4747','02-0011-3210','기생충도 반한 바로 그 맛!','http://example.com/store80.jpg',800),(81,32,'지원이네 2호점','부산시 해운대구 마린시티로 123','051-111-1111','해운대 맘들을 위한 프리미엄 이유식','http://example.com/store81.jpg',500),(82,34,'여빈이네 2호점','부산시 수영구 광안해변로 456','051-222-2222','광안리에서 즐기는 신선한 이유식','http://example.com/store82.jpg',520),(83,36,'고은이네 2호점','부산시 부산진구 서면로 789','051-333-3333','서면의 중심, 우리 아기 이유식','http://example.com/store83.jpg',510),(84,38,'인나네 2호점','부산시 동래구 중앙대로 101','051-444-4444','동래맘들의 핫플레이스','http://example.com/store84.jpg',480),(85,40,'예진이네 2호점','부산시 남구 용소로 202','051-555-5555','사랑의 불시착도 반한 이유식','http://example.com/store85.jpg',550),(86,42,'민아네 2호점','대구시 중구 동성로 303','053-666-6666','대구의 중심, 동성로의 핫한 이유식','http://example.com/store86.jpg',530),(87,44,'소희네 2호점','대구시 수성구 범어천로 404','053-777-7777','수성구 엄마들의 필수 코스','http://example.com/store87.jpg',540),(88,46,'은빈이네 2호점','인천시 연수구 송도국제대로 505','032-888-8888','송도맘들의 원픽 이유식','http://example.com/store88.jpg',600),(89,48,'현진이네 2호점','인천시 남동구 예술로 606','032-999-9999','인천의 자랑, 현진이네 이유식','http://example.com/store89.jpg',580),(90,50,'태리네 2호점','광주시 서구 상무중앙로 707','062-000-0000','광주 상무지구의 명품 이유식','http://example.com/store90.jpg',620),(91,52,'수지네 2호점','광주시 동구 충장로 808','062-123-4321','충장로의 스타, 수지네 이유식','http://example.com/store91.jpg',650),(92,54,'민영이네 2호점','대전시 서구 둔산로 909','042-234-5432','대전 둔산동의 핫플레이스','http://example.com/store92.jpg',630),(93,56,'아이유네 2호점','대전시 유성구 온천로 1010','042-345-6543','유성 온천보다 좋은 아이유네 이유식','http://example.com/store93.jpg',700),(94,58,'유정이네 2호점','울산시 남구 삼산로 1111','052-456-7654','울산 삼산동의 자랑','http://example.com/store94.jpg',680),(95,60,'가영이네 2호점','울산시 중구 젊음의거리 1212','052-567-8765','울산의 젊음, 가영이네 이유식','http://example.com/store95.jpg',670),(96,62,'세정이네 2호점','경기도 수원시 팔달구 향교로 1313','031-678-9876','수원 행궁동의 명물','http://example.com/store96.jpg',660),(97,64,'조이네 2호점','경기도 성남시 분당구 정자일로 1414','031-789-0987','분당 정자동 카페거리의 핫플','http://example.com/store97.jpg',690),(98,66,'혜윤이네 2호점','경기도 고양시 일산서구 대화로 1515','031-890-1098','일산 킨텍스 옆 맛집','http://example.com/store98.jpg',710),(99,68,'윤정이네 2호점','경기도 용인시 수지구 포은대로 1616','031-901-2109','용인 수지 엄마들의 성지','http://example.com/store99.jpg',730),(100,70,'호연이네 2호점','경기도 부천시 소향로 1717','032-012-3210','부천의 새로운 명소','http://example.com/store100.jpg',750),(101,72,'유미네 2호점','경기도 안산시 단원구 광덕대로 1818','031-112-4321','안산의 자랑, 유미네 이유식','http://example.com/store101.jpg',720),(102,74,'인아네 2호점','경기도 안양시 동안구 평촌대로 1919','031-223-5432','평촌 학원가의 힐링 플레이스','http://example.com/store102.jpg',740),(103,76,'민시네 2호점','경기도 평택시 중앙로 2020','031-334-6543','평택의 새로운 중심','http://example.com/store103.jpg',760),(104,78,'규영이네 2호점','경기도 시흥시 오이도로 2121','031-445-7654','오이도에서 즐기는 명품 이유식','http://example.com/store104.jpg',770),(105,80,'채연이네 2호점','경기도 화성시 동탄중앙로 2222','031-556-8765','동탄맘들의 필수 코스','http://example.com/store105.jpg',780),(106,82,'소현이네 2호점','경기도 남양주시 다산중앙로 2323','031-667-9876','다산 신도시의 자랑','http://example.com/store106.jpg',790),(107,84,'향기네 2호점','경기도 의정부시 평화로 2424','031-778-0987','의정부의 새로운 명물','http://example.com/store107.jpg',810),(108,86,'새론이네 2호점','경기도 파주시 책향기로 2525','031-889-1098','파주 출판도시의 힐링 이유식','http://example.com/store108.jpg',820),(109,88,'지후네 2호점','경기도 김포시 김포한강1로 2626','031-990-2109','김포 한강신도시의 핫플레이스','http://example.com/store109.jpg',830),(110,90,'해인이네 2호점','경기도 광주시 경충대로 2727','031-001-3210','경기 광주의 새로운 자랑','http://example.com/store110.jpg',850),(111,92,'혜선이네 2호점','강원도 춘천시 중앙로 2828','033-112-4321','춘천의 명물, 혜선이네 이유식','http://example.com/store111.jpg',840),(112,94,'다미네 2호점','강원도 원주시 시청로 2929','033-234-5432','원주의 새로운 핫플레이스','http://example.com/store112.jpg',860),(113,96,'소니네 2호점','강원도 강릉시 경강로 3030','033-345-6543','강릉의 자랑, 소니네 이유식','http://example.com/store113.jpg',870),(114,98,'지민이네 2호점','충청북도 청주시 상당로 3131','043-456-7654','청주의 새로운 명소','http://example.com/store114.jpg',880),(115,100,'은혜네 2호점','충청북도 충주시 으뜸로 3232','043-567-8765','충주의 자랑, 은혜네 이유식','http://example.com/store115.jpg',890),(116,102,'세영이네 2호점','충청남도 천안시 서북구 불당대로 3333','041-678-9876','천안 불당동의 핫플레이스','http://example.com/store116.jpg',900),(117,104,'윤아네 2호점','충청남도 아산시 배방읍 온천대로 3434','041-789-0987','아산의 새로운 명물','http://example.com/store117.jpg',920),(118,106,'명수네 2호점','전라북도 전주시 완산구 홍산로 3535','063-890-1098','전주 한옥마을의 숨은 맛집','http://example.com/store118.jpg',910),(119,108,'성우네 2호점','전라북도 군산시 수송로 3636','063-901-2109','군산의 새로운 자랑','http://example.com/store119.jpg',930),(120,110,'소민이네 2호점','전라남도 목포시 영산로 3737','061-012-3210','목포의 명물, 소민이네 이유식','http://example.com/store120.jpg',940),(121,112,'나나네 2호점','전라남도 여수시 시청로 3838','061-112-4321','여수 밤바다보다 아름다운 이유식','http://example.com/store121.jpg',950),(122,114,'혜리네 2호점','전라남도 순천시 순천만길 3939','061-223-5432','순천만 국가정원의 힐링 이유식','http://example.com/store122.jpg',960),(123,116,'수빈이네 2호점','경상북도 포항시 남구 시청로 4040','054-334-6543','포항의 새로운 명소','http://example.com/store123.jpg',970),(124,118,'선영이네 2호점','경상북도 구미시 시청로 4141','054-445-7654','구미의 자랑, 선영이네 이유식','http://example.com/store124.jpg',980),(125,120,'미도네 2호점','경상북도 경주시 보문로 4242','054-556-8765','경주의 새로운 핫플레이스','http://example.com/store125.jpg',990),(126,122,'은진이네 2호점','경상남도 창원시 의창구 중앙대로 4343','055-667-9876','창원의 자랑, 은진이네 이유식','http://example.com/store126.jpg',1000),(127,124,'이현이네 2호점','경상남도 김해시 김해대로 4444','055-778-0987','김해의 새로운 명물','http://example.com/store127.jpg',1010),(128,126,'은샘이네 2호점','경상남도 진주시 진주대로 4545','055-889-1098','진주의 자랑, 은샘이네 이유식','http://example.com/store128.jpg',1020),(129,128,'재혁이네 2호점','제주특별자치도 제주시 연동로 4646','064-990-2109','제주의 명물, 재혁이네 이유식','http://example.com/store129.jpg',1100),(130,130,'정은이네 2호점','제주특별자치도 서귀포시 중정로 4747','064-001-3210','서귀포의 자랑, 정은이네 이유식','http://example.com/store130.jpg',1200);
/*!40000 ALTER TABLE `Store` ENABLE KEYS */;
UNLOCK TABLES;

--
-- Table structure for table `StoreLike`
--

DROP TABLE IF EXISTS `StoreLike`;
/*!40101 SET @saved_cs_client     = @@character_set_client */;
/*!50503 SET character_set_client = utf8mb4 */;
CREATE TABLE `StoreLike` (
  `like_id` int NOT NULL AUTO_INCREMENT,
  `user_id` int NOT NULL,
  `store_id` int NOT NULL,
  PRIMARY KEY (`like_id`),
  UNIQUE KEY `user_id` (`user_id`,`store_id`),
  KEY `store_id` (`store_id`),
  CONSTRAINT `storelike_ibfk_1` FOREIGN KEY (`user_id`) REFERENCES `User` (`user_id`) ON DELETE CASCADE,
  CONSTRAINT `storelike_ibfk_2` FOREIGN KEY (`store_id`) REFERENCES `Store` (`store_id`) ON DELETE CASCADE
) ENGINE=InnoDB AUTO_INCREMENT=131 DEFAULT CHARSET=utf8mb4 COLLATE=utf8mb4_0900_ai_ci;
/*!40101 SET character_set_client = @saved_cs_client */;

--
-- Dumping data for table `StoreLike`
--

LOCK TABLES `StoreLike` WRITE;
/*!40000 ALTER TABLE `StoreLike` DISABLE KEYS */;
INSERT INTO `StoreLike` VALUES (1,1,2),(2,1,5),(18,1,30),(3,4,1),(4,4,3),(19,4,29),(5,6,4),(20,6,27),(6,8,6),(21,8,25),(7,10,8),(22,10,23),(8,11,10),(23,11,21),(9,13,12),(24,13,19),(10,15,14),(25,15,17),(26,17,15),(11,17,16),(27,19,13),(12,19,18),(28,21,11),(13,21,20),(29,23,9),(14,23,22),(30,25,7),(15,25,24),(16,27,26),(17,29,28),(31,31,32),(32,31,35),(83,31,129),(33,33,31),(34,33,33),(84,33,128),(35,35,34),(85,35,126),(36,37,36),(86,37,124),(37,39,38),(87,39,122),(38,41,40),(88,41,120),(39,43,42),(89,43,118),(40,45,44),(90,45,116),(41,47,46),(91,47,114),(42,49,48),(92,49,112),(43,51,50),(93,51,110),(44,53,52),(94,53,108),(45,55,54),(95,55,106),(46,57,56),(96,57,104),(47,59,58),(97,59,102),(48,61,60),(98,61,100),(49,63,62),(99,63,98),(50,65,64),(100,65,96),(51,67,66),(101,67,94),(52,69,68),(102,69,92),(53,71,70),(103,71,90),(54,73,72),(104,73,88),(55,75,74),(105,75,86),(56,77,76),(106,77,84),(57,79,78),(107,79,82),(108,81,79),(58,81,80),(109,83,77),(59,83,81),(110,85,75),(60,85,83),(111,87,73),(61,87,85),(112,89,71),(62,89,87),(113,91,69),(63,91,89),(114,93,67),(64,93,91),(115,95,65),(65,95,93),(116,97,63),(66,97,95),(117,99,61),(67,99,97),(118,101,59),(68,101,99),(119,103,57),(69,103,101),(120,105,55),(70,105,103),(121,107,53),(71,107,105),(122,109,51),(72,109,107),(123,111,49),(73,111,109),(124,113,47),(74,113,111),(125,115,45),(75,115,113),(126,117,43),(76,117,115),(127,119,41),(77,119,117),(128,121,39),(78,121,119),(129,123,37),(79,123,121),(130,125,35),(80,125,123),(81,127,125),(82,129,127);
/*!40000 ALTER TABLE `StoreLike` ENABLE KEYS */;
UNLOCK TABLES;

--
-- Table structure for table `StoreReview`
--

DROP TABLE IF EXISTS `StoreReview`;
/*!40101 SET @saved_cs_client     = @@character_set_client */;
/*!50503 SET character_set_client = utf8mb4 */;
CREATE TABLE `StoreReview` (
  `review_id` int NOT NULL AUTO_INCREMENT,
  `store_id` int NOT NULL,
  `user_id` int NOT NULL,
  `author_name` varchar(50) DEFAULT NULL,
  `content` text,
  `photo_url` varchar(255) DEFAULT NULL,
  `rating` decimal(2,1) DEFAULT NULL,
  `created_at` datetime DEFAULT CURRENT_TIMESTAMP,
  PRIMARY KEY (`review_id`),
  KEY `store_id` (`store_id`),
  KEY `user_id` (`user_id`),
  CONSTRAINT `storereview_ibfk_1` FOREIGN KEY (`store_id`) REFERENCES `Store` (`store_id`) ON DELETE CASCADE,
  CONSTRAINT `storereview_ibfk_2` FOREIGN KEY (`user_id`) REFERENCES `User` (`user_id`) ON DELETE CASCADE,
  CONSTRAINT `storereview_chk_1` CHECK (((`rating` >= 0) and (`rating` <= 5)))
) ENGINE=InnoDB AUTO_INCREMENT=131 DEFAULT CHARSET=utf8mb4 COLLATE=utf8mb4_0900_ai_ci;
/*!40101 SET character_set_client = @saved_cs_client */;

--
-- Dumping data for table `StoreReview`
--

LOCK TABLES `StoreReview` WRITE;
/*!40000 ALTER TABLE `StoreReview` DISABLE KEYS */;
INSERT INTO `StoreReview` VALUES (1,1,1,'민준','아이가 정말 좋아해요. 또 주문할게요!','http://example.com/review1.jpg',5.0,'2023-10-28 12:30:00'),(2,2,4,'수빈','배송도 빠르고 맛도 좋아요.','',4.5,'2023-10-28 12:35:00'),(3,4,8,'도윤','문 앞에 두고 가셔서 편했어요.','http://example.com/review3.jpg',4.0,'2023-10-28 13:30:00'),(4,7,13,'하윤','언제나 믿고 먹이는 이유식입니다.','',5.0,'2023-10-27 19:30:00'),(5,8,15,'나은','양이 조금 적은 것 같아요.','http://example.com/review5.jpg',3.5,'2023-10-27 19:00:00'),(6,9,17,'서아','리뷰 이벤트 참여합니다. 맛있어요!','',4.0,'2023-10-27 18:30:00'),(7,10,19,'다은','아이가 잘 먹어서 기분이 좋네요.','http://example.com/review7.jpg',5.0,'2023-10-27 18:00:00'),(8,11,21,'하은','예약 시간에 맞춰서 배달해주셔서 감사합니다.','',4.5,'2023-10-27 17:30:00'),(9,12,23,'서아','포장이 꼼꼼해서 마음에 들어요.','http://example.com/review9.jpg',4.0,'2023-10-27 16:30:00'),(10,13,25,'지유','맛있게 잘 먹었습니다.','',5.0,'2023-10-27 16:00:00'),(11,14,27,'서윤','재구매 의사 100%입니다.','http://example.com/review11.jpg',5.0,'2023-10-27 15:30:00'),(12,15,29,'지안','아이가 이것만 찾아요.','',5.0,'2023-10-27 15:00:00'),(13,1,1,'민준','이번에도 역시 맛있네요.','http://example.com/review13.jpg',5.0,'2023-10-26 12:30:00'),(14,2,4,'수빈','항상 신선해서 좋아요.','',4.5,'2023-10-26 12:35:00'),(15,3,6,'민서','아이가 잘 먹어서 또 주문했어요.','http://example.com/review15.jpg',5.0,'2023-10-26 13:00:00'),(16,4,8,'도윤','배송이 빨라서 좋아요.','',4.0,'2023-10-26 13:30:00'),(17,5,10,'예은','아이가 너무 좋아해서 계속 주문하게 되네요.','http://example.com/review17.jpg',5.0,'2023-10-26 13:35:00'),(18,6,11,'지민','예약 배달 편하고 좋아요.','',4.5,'2023-10-26 18:30:00'),(19,7,13,'하윤','맛과 영양 모두 만족합니다.','http://example.com/review19.jpg',5.0,'2023-10-25 19:30:00'),(20,8,15,'나은','항상 잘 먹이고 있습니다.','',5.0,'2023-10-25 19:00:00'),(21,9,17,'서아','맛있고 배송도 빨라요.','http://example.com/review21.jpg',4.5,'2023-10-25 18:30:00'),(22,10,19,'다은','아이가 잘 먹어서 뿌듯해요.','',5.0,'2023-10-25 18:00:00'),(23,11,21,'하은','시간 맞춰 와주셔서 감사합니다.','http://example.com/review23.jpg',4.0,'2023-10-25 17:30:00'),(24,12,23,'서아','포장이 깔끔해서 좋아요.','',4.5,'2023-10-25 16:30:00'),(25,13,25,'지유','잘 먹었습니다. 다음에 또 주문할게요.','http://example.com/review25.jpg',5.0,'2023-10-25 16:00:00'),(26,14,27,'서윤','최고의 이유식입니다.','',5.0,'2023-10-25 15:30:00'),(27,15,29,'지안','우리 아이 최애 이유식.','http://example.com/review27.jpg',5.0,'2023-10-25 15:00:00'),(28,16,1,'민준','새우 리조또 정말 맛있어요.','',5.0,'2023-10-25 14:30:00'),(29,17,4,'수빈','닭고기죽 최고!','http://example.com/review29.jpg',5.0,'2023-10-25 14:00:00'),(30,18,6,'민서','고구마 퓨레 달콤하고 맛있어요.','',5.0,'2023-10-25 13:30:00'),(31,31,31,'서준','프리미엄 이유식 답게 정말 고급지네요.','http://example.com/review31.jpg',5.0,'2023-10-29 12:30:00'),(32,32,33,'중기','배송 빠르고 맛있어요.','',4.5,'2023-10-29 12:35:00'),(33,34,37,'동욱','문 앞에 두고 벨 눌러주셔서 감사합니다.','http://example.com/review33.jpg',4.0,'2023-10-29 13:30:00'),(34,37,43,'선호','언제나 믿고 먹입니다.','',5.0,'2023-10-28 19:30:00'),(35,38,45,'제훈','양이 조금만 더 많았으면 좋겠어요.','http://example.com/review35.jpg',3.5,'2023-10-28 19:00:00'),(36,39,47,'태오','리뷰 이벤트 참여합니다. 맛있네요!','',4.0,'2023-10-28 18:30:00'),(37,40,49,'민호','아이가 잘 먹으니 기분이 좋네요.','http://example.com/review37.jpg',5.0,'2023-10-28 18:00:00'),(38,41,51,'주혁','예약 시간에 정확히 배달해주셔서 감사합니다.','',4.5,'2023-10-28 17:30:00'),(39,42,53,'창욱','포장이 꼼꼼해서 마음에 듭니다.','http://example.com/review39.jpg',4.0,'2023-10-28 16:30:00'),(40,43,55,'종석','맛있게 잘 먹었습니다. 또 주문할게요.','',5.0,'2023-10-28 16:00:00'),(41,44,57,'보검','재구매 의사 100%입니다!','http://example.com/review41.jpg',5.0,'2023-10-28 15:30:00'),(42,45,59,'강준','아이가 이것만 찾아서 큰일이에요.','',5.0,'2023-10-28 15:00:00'),(43,46,61,'은우','이번에도 역시 맛있습니다.','http://example.com/review43.jpg',5.0,'2023-10-27 12:30:00'),(44,47,63,'효섭','항상 신선해서 좋습니다.','',4.5,'2023-10-27 12:35:00'),(45,48,65,'로운','아이가 잘 먹어서 또 주문했습니다.','http://example.com/review45.jpg',5.0,'2023-10-27 13:00:00'),(46,49,67,'재욱','배송이 빨라서 좋습니다.','',4.0,'2023-10-27 13:30:00'),(47,50,69,'인엽','아이가 너무 좋아해서 계속 주문하게 됩니다.','http://example.com/review47.jpg',5.0,'2023-10-27 13:35:00'),(48,51,71,'하준','예약 배달 편하고 좋습니다.','',4.5,'2023-10-27 18:30:00'),(49,52,73,'민규','맛과 영양 모두 만족스럽습니다.','http://example.com/review49.jpg',5.0,'2023-10-26 19:30:00'),(50,53,75,'송강','항상 잘 먹이고 있습니다. 감사합니다.','',5.0,'2023-10-26 19:00:00'),(51,54,77,'도현','맛있고 배송도 빨라서 좋아요.','http://example.com/review51.jpg',4.5,'2023-10-26 18:30:00'),(52,55,79,'종협','아이가 잘 먹어서 뿌듯합니다.','',5.0,'2023-10-26 18:00:00'),(53,56,81,'승호','시간 맞춰 와주셔서 감사합니다.','http://example.com/review53.jpg',4.0,'2023-10-26 17:30:00'),(54,57,83,'진구','포장이 깔끔해서 좋습니다.','',4.5,'2023-10-26 16:30:00'),(55,58,85,'다름','잘 먹었습니다. 다음에 또 주문하겠습니다.','http://example.com/review55.jpg',5.0,'2023-10-26 16:00:00'),(56,59,87,'찬영','최고의 이유식입니다. 강력 추천합니다.','',5.0,'2023-10-26 15:30:00'),(57,60,89,'훈','우리 아이 최애 이유식 등극!','http://example.com/review57.jpg',5.0,'2023-10-26 15:00:00'),(58,61,91,'지수','새우 리조또 정말 맛있습니다.','',5.0,'2023-10-25 14:30:00'),(59,62,93,'보현','닭고기죽 최고에요!','http://example.com/review59.jpg',5.0,'2023-10-25 14:00:00'),(60,63,95,'우식','고구마 퓨레 달콤하고 맛있습니다.','',5.0,'2023-10-25 13:30:00'),(61,64,97,'교환','정말 맛있어요. 재구매의사 있습니다.','http://example.com/review61.jpg',4.5,'2023-10-25 13:00:00'),(62,65,99,'궁민','아이가 잘 먹어서 너무 좋아요.','',5.0,'2023-10-25 12:30:00'),(63,66,101,'상엽','배송도 빠르고 포장도 꼼꼼해요.','http://example.com/review63.jpg',4.0,'2023-10-25 12:00:00'),(64,67,103,'준호','맛있게 잘 먹었습니다.','',5.0,'2023-10-24 19:30:00'),(65,68,105,'나라','양이 조금 아쉽지만 맛있어요.','http://example.com/review65.jpg',3.5,'2023-10-24 19:00:00'),(66,69,107,'예은','리뷰 이벤트 참여합니다. 번창하세요!','',4.0,'2023-10-24 18:30:00'),(67,70,109,'민현','아이가 잘 먹는 모습 보니 행복하네요.','http://example.com/review67.jpg',5.0,'2023-10-24 18:00:00'),(68,71,111,'민기','예약 배달 정말 편하네요.','',4.5,'2023-10-24 17:30:00'),(69,72,113,'기용','포장이 예뻐서 선물용으로도 좋겠어요.','http://example.com/review69.jpg',4.0,'2023-10-24 16:30:00'),(70,73,115,'연석','잘 먹었습니다.','',5.0,'2023-10-24 16:00:00'),(71,74,117,'경호','재구매합니다. 항상 맛있어요.','http://example.com/review71.jpg',5.0,'2023-10-24 15:30:00'),(72,75,119,'대명','아이가 이것만 찾아서 계속 주문합니다.','',5.0,'2023-10-24 15:00:00'),(73,76,121,'현빈','이번에도 맛있게 잘 먹었습니다.','http://example.com/review73.jpg',5.0,'2023-10-23 12:30:00'),(74,77,123,'현성','신선하고 맛있어요.','',4.5,'2023-10-23 12:35:00'),(75,78,125,'솔로몬','아이가 잘 먹어서 또 주문합니다.','http://example.com/review75.jpg',5.0,'2023-10-23 13:00:00'),(76,79,127,'승리','배송이 빨라서 좋아요.','',4.0,'2023-10-23 13:30:00'),(77,80,129,'석용','아이가 너무 좋아해서 계속 주문할 것 같아요.','http://example.com/review77.jpg',5.0,'2023-10-23 13:35:00'),(78,81,31,'서준','예약 배달 편하고 맛있어요.','',4.5,'2023-10-23 18:30:00'),(79,82,33,'중기','맛과 영양 모두 만족!','http://example.com/review79.jpg',5.0,'2023-10-22 19:30:00'),(80,83,35,'공유','항상 잘 먹고 있습니다.','',5.0,'2023-10-22 19:00:00'),(81,84,37,'동욱','맛있고 배송도 빨라요.','http://example.com/review81.jpg',4.5,'2023-10-22 18:30:00'),(82,85,39,'현빈','아이가 잘 먹어서 뿌듯해요.','',5.0,'2023-10-22 18:00:00'),(83,86,41,'정석','시간 맞춰 와주셔서 감사합니다.','http://example.com/review83.jpg',4.0,'2023-10-22 17:30:00'),(84,87,43,'선호','포장이 깔끔해서 좋아요.','',4.5,'2023-10-22 16:30:00'),(85,88,45,'제훈','잘 먹었습니다. 다음에 또 주문할게요.','http://example.com/review85.jpg',5.0,'2023-10-22 16:00:00'),(86,89,47,'태오','최고의 이유식입니다.','',5.0,'2023-10-22 15:30:00'),(87,90,49,'민호','우리 아이 최애 이유식.','http://example.com/review87.jpg',5.0,'2023-10-22 15:00:00'),(88,91,51,'주혁','새우 리조또 정말 맛있어요.','',5.0,'2023-10-21 14:30:00'),(89,92,53,'창욱','닭고기죽 최고!','http://example.com/review89.jpg',5.0,'2023-10-21 14:00:00'),(90,93,55,'종석','고구마 퓨레 달콤하고 맛있어요.','',5.0,'2023-10-21 13:30:00'),(91,94,57,'보검','정말 맛있어요. 재구매의사 있습니다.','http://example.com/review91.jpg',4.5,'2023-10-21 13:00:00'),(92,95,59,'강준','아이가 잘 먹어서 너무 좋아요.','',5.0,'2023-10-21 12:30:00'),(93,96,61,'은우','배송도 빠르고 포장도 꼼꼼해요.','http://example.com/review93.jpg',4.0,'2023-10-21 12:00:00'),(94,97,63,'효섭','맛있게 잘 먹었습니다.','',5.0,'2023-10-20 19:30:00'),(95,98,65,'로운','양이 조금 아쉽지만 맛있어요.','http://example.com/review95.jpg',3.5,'2023-10-20 19:00:00'),(96,99,67,'재욱','리뷰 이벤트 참여합니다. 번창하세요!','',4.0,'2023-10-20 18:30:00'),(97,100,69,'인엽','아이가 잘 먹는 모습 보니 행복하네요.','http://example.com/review97.jpg',5.0,'2023-10-20 18:00:00'),(98,101,71,'하준','예약 배달 정말 편하네요.','',4.5,'2023-10-20 17:30:00'),(99,102,73,'민규','포장이 예뻐서 선물용으로도 좋겠어요.','http://example.com/review99.jpg',4.0,'2023-10-20 16:30:00'),(100,103,75,'송강','잘 먹었습니다.','',5.0,'2023-10-20 16:00:00'),(101,104,77,'도현','재구매합니다. 항상 맛있어요.','http://example.com/review101.jpg',5.0,'2023-10-20 15:30:00'),(102,105,79,'종협','아이가 이것만 찾아서 계속 주문합니다.','',5.0,'2023-10-20 15:00:00'),(103,106,81,'승호','이번에도 맛있게 잘 먹었습니다.','http://example.com/review103.jpg',5.0,'2023-10-19 12:30:00'),(104,107,83,'진구','신선하고 맛있어요.','',4.5,'2023-10-19 12:35:00'),(105,108,85,'다름','아이가 잘 먹어서 또 주문합니다.','http://example.com/review105.jpg',5.0,'2023-10-19 13:00:00'),(106,109,87,'찬영','배송이 빨라서 좋아요.','',4.0,'2023-10-19 13:30:00'),(107,110,89,'훈','아이가 너무 좋아해서 계속 주문할 것 같아요.','http://example.com/review107.jpg',5.0,'2023-10-19 13:35:00'),(108,111,91,'지수','예약 배달 편하고 맛있어요.','',4.5,'2023-10-19 18:30:00'),(109,112,93,'보현','맛과 영양 모두 만족!','http://example.com/review109.jpg',5.0,'2023-10-18 19:30:00'),(110,113,95,'우식','항상 잘 먹고 있습니다.','',5.0,'2023-10-18 19:00:00'),(111,114,97,'교환','맛있고 배송도 빨라요.','http://example.com/review111.jpg',4.5,'2023-10-18 18:30:00'),(112,115,99,'궁민','아이가 잘 먹어서 뿌듯해요.','',5.0,'2023-10-18 18:00:00'),(113,116,101,'상엽','시간 맞춰 와주셔서 감사합니다.','http://example.com/review113.jpg',4.0,'2023-10-18 17:30:00'),(114,117,103,'준호','포장이 깔끔해서 좋아요.','',4.5,'2023-10-18 16:30:00'),(115,118,105,'나라','잘 먹었습니다. 다음에 또 주문할게요.','http://example.com/review115.jpg',5.0,'2023-10-18 16:00:00'),(116,119,107,'예은','최고의 이유식입니다.','',5.0,'2023-10-18 15:30:00'),(117,120,109,'민현','우리 아이 최애 이유식.','http://example.com/review117.jpg',5.0,'2023-10-18 15:00:00'),(118,121,111,'민기','새우 리조또 정말 맛있어요.','',5.0,'2023-10-17 14:30:00'),(119,122,113,'기용','닭고기죽 최고!','http://example.com/review119.jpg',5.0,'2023-10-17 14:00:00'),(120,123,115,'연석','고구마 퓨레 달콤하고 맛있어요.','',5.0,'2023-10-17 13:30:00'),(121,124,117,'경호','정말 맛있어요. 재구매의사 있습니다.','http://example.com/review121.jpg',4.5,'2023-10-17 13:00:00'),(122,125,119,'대명','아이가 잘 먹어서 너무 좋아요.','',5.0,'2023-10-17 12:30:00'),(123,126,121,'현빈','배송도 빠르고 포장도 꼼꼼해요.','http://example.com/review123.jpg',4.0,'2023-10-17 12:00:00'),(124,127,123,'현성','맛있게 잘 먹었습니다.','',5.0,'2023-10-16 19:30:00'),(125,128,125,'솔로몬','양이 조금 아쉽지만 맛있어요.','http://example.com/review125.jpg',3.5,'2023-10-16 19:00:00'),(126,129,127,'승리','리뷰 이벤트 참여합니다. 번창하세요!','',4.0,'2023-10-16 18:30:00'),(127,130,129,'석용','아이가 잘 먹는 모습 보니 행복하네요.','http://example.com/review127.jpg',5.0,'2023-10-16 18:00:00'),(128,1,130,'정은','예약 배달 정말 편하네요.','',4.5,'2023-10-16 17:30:00'),(129,2,128,'재혁','포장이 예뻐서 선물용으로도 좋겠어요.','http://example.com/review129.jpg',4.0,'2023-10-16 16:30:00'),(130,3,126,'은샘','잘 먹었습니다.','',5.0,'2023-10-16 16:00:00');
/*!40000 ALTER TABLE `StoreReview` ENABLE KEYS */;
UNLOCK TABLES;

--
-- Table structure for table `User`
--

DROP TABLE IF EXISTS `User`;
/*!40101 SET @saved_cs_client     = @@character_set_client */;
/*!50503 SET character_set_client = utf8mb4 */;
CREATE TABLE `User` (
  `user_id` int NOT NULL AUTO_INCREMENT,
  `user_name` varchar(50) NOT NULL,
  `nickname` varchar(30) DEFAULT NULL,
  `phone` varchar(15) NOT NULL,
  `birth_date` date DEFAULT NULL,
  `role` enum('부모','사장','관리자') DEFAULT '부모',
  `email` varchar(100) NOT NULL,
  PRIMARY KEY (`user_id`),
  UNIQUE KEY `phone` (`phone`),
  UNIQUE KEY `email` (`email`)
) ENGINE=InnoDB AUTO_INCREMENT=131 DEFAULT CHARSET=utf8mb4 COLLATE=utf8mb4_0900_ai_ci;
/*!40101 SET character_set_client = @saved_cs_client */;

--
-- Dumping data for table `User`
--

LOCK TABLES `User` WRITE;
/*!40000 ALTER TABLE `User` DISABLE KEYS */;
INSERT INTO `User` VALUES (1,'김민준','민준','010-1234-5678','1990-01-15','부모','minjun.kim@example.com'),(2,'이서연','서연','010-2345-6789','1985-05-20','사장','seoyeon.lee@example.com'),(3,'박지훈','지훈','010-3456-7890','1992-08-10','관리자','jihoon.park@example.com'),(4,'최수빈','수빈','010-4567-8901','1998-03-25','부모','subin.choi@example.com'),(5,'강현우','현우','010-5678-9012','1988-11-30','사장','hyunwoo.kang@example.com'),(6,'조민서','민서','010-6789-0123','1995-07-12','부모','minseo.cho@example.com'),(7,'윤지아','지아','010-7890-1234','1991-02-18','사장','jia.yoon@example.com'),(8,'임도윤','도윤','010-8901-2345','1993-09-05','부모','doyoon.lim@example.com'),(9,'황서준','서준','010-9012-3456','1987-04-22','사장','seojun.hwang@example.com'),(10,'송예은','예은','010-0123-4567','1996-12-01','부모','yeeun.song@example.com'),(11,'오지민','지민','010-1111-2222','1994-06-08','부모','jimin.oh@example.com'),(12,'한채원','채원','010-2222-3333','1989-10-14','사장','chaewon.han@example.com'),(13,'정하윤','하윤','010-3333-4444','1997-01-28','부모','hayoon.jeong@example.com'),(14,'신유준','유준','010-4444-5555','1990-08-17','사장','yujun.shin@example.com'),(15,'권나은','나은','010-5555-6666','1986-03-03','부모','naeun.kwon@example.com'),(16,'장시우','시우','010-6666-7777','1999-11-11','사장','siwoo.jang@example.com'),(17,'안서아','서아','010-7777-8888','1992-05-24','부모','seoa.ahn@example.com'),(18,'백건우','건우','010-8888-9999','1984-09-09','사장','geonwoo.baek@example.com'),(19,'허다은','다은','010-9999-0000','1993-07-07','부모','daeun.heo@example.com'),(20,'문지호','지호','010-0000-1111','1991-04-04','사장','jiho.moon@example.com'),(21,'김하은','하은','010-1212-3434','1990-01-15','부모','haeun.kim@example.com'),(22,'이도현','도현','010-2323-4545','1985-05-20','사장','dohyun.lee@example.com'),(23,'박서아','서아','010-3434-5656','1992-08-10','부모','seoa.park@example.com'),(24,'최준서','준서','010-4545-6767','1998-03-25','사장','junseo.choi@example.com'),(25,'강지유','지유','010-5656-7878','1988-11-30','부모','jiyoo.kang@example.com'),(26,'조하준','하준','010-6767-8989','1995-07-12','사장','hajun.cho@example.com'),(27,'윤서윤','서윤','010-7878-9090','1991-02-18','부모','seoyoon.yoon@example.com'),(28,'임은우','은우','010-8989-0101','1993-09-05','사장','eunwoo.lim@example.com'),(29,'황지안','지안','010-9090-1212','1987-04-22','부모','jian.hwang@example.com'),(30,'송선우','선우','010-0101-2323','1996-12-01','사장','sunwoo.song@example.com'),(31,'박서준','서준','010-1111-1111','1988-12-16','부모','seojun.park@example.com'),(32,'김지원','지원','010-2222-2222','1992-10-19','사장','jiwon.kim@example.com'),(33,'송중기','중기','010-3333-3333','1985-09-19','부모','joongki.song@example.com'),(34,'전여빈','여빈','010-4444-4444','1989-07-26','사장','yeobeen.jeon@example.com'),(35,'공유','공지철','010-5555-5555','1979-07-10','부모','gongyoo@example.com'),(36,'김고은','고은','010-6666-6666','1991-07-02','사장','goeun.kim@example.com'),(37,'이동욱','동욱','010-7777-7777','1981-11-06','부모','dongwook.lee@example.com'),(38,'유인나','인나','010-8888-8888','1982-06-05','사장','inna.yoo@example.com'),(39,'현빈','태평','010-9999-9999','1982-09-25','부모','hyunbin@example.com'),(40,'손예진','예진','010-0000-0000','1982-01-11','사장','yejin.son@example.com'),(41,'조정석','정석','010-1234-1234','1980-12-26','부모','jungsuk.cho@example.com'),(42,'신민아','민아','010-2345-2345','1984-04-05','사장','minah.shin@example.com'),(43,'김선호','선호','010-3456-3456','1986-05-08','부모','seonho.kim@example.com'),(44,'한소희','소희','010-4567-4567','1994-11-18','사장','sohee.han@example.com'),(45,'이제훈','제훈','010-5678-5678','1984-07-04','부모','jehoon.lee@example.com'),(46,'박은빈','은빈','010-6789-6789','1992-09-04','사장','eunbin.park@example.com'),(47,'강태오','태오','010-7890-7890','1994-06-20','부모','taeoh.kang@example.com'),(48,'서현진','현진','010-8901-8901','1985-02-27','사장','hyunjin.seo@example.com'),(49,'이민호','민호','010-9012-9012','1987-06-22','부모','minho.lee@example.com'),(50,'김태리','태리','010-0123-0123','1990-04-24','사장','taeri.kim@example.com'),(51,'남주혁','주혁','010-1122-3344','1994-02-22','부모','joohyuk.nam@example.com'),(52,'배수지','수지','010-2233-4455','1994-10-10','사장','suzy.bae@example.com'),(53,'지창욱','창욱','010-3344-5566','1987-07-05','부모','changwook.ji@example.com'),(54,'박민영','민영','010-4455-6677','1986-03-04','사장','minyoung.park@example.com'),(55,'이종석','종석','010-5566-7788','1989-09-14','부모','jongsuk.lee@example.com'),(56,'아이유','이지은','010-6677-8899','1993-05-16','사장','iu.lee@example.com'),(57,'박보검','보검','010-7788-9900','1993-06-16','부모','bogum.park@example.com'),(58,'김유정','유정','010-8899-0011','1999-09-22','사장','youjung.kim@example.com'),(59,'서강준','강준','010-9900-1122','1993-10-12','부모','kangjoon.seo@example.com'),(60,'문가영','가영','010-0011-2233','1996-07-10','사장','gayoung.moon@example.com'),(61,'차은우','은우','010-1123-2345','1997-03-30','부모','eunwoo.cha@example.com'),(62,'김세정','세정','010-2345-3456','1996-08-28','사장','sejeong.kim@example.com'),(63,'안효섭','효섭','010-3456-4567','1995-04-17','부모','hyoseop.ahn@example.com'),(64,'조이','박수영','010-4567-5678','1996-09-03','사장','joy.park@example.com'),(65,'로운','김석우','010-5678-6789','1996-08-07','부모','rowoon.kim@example.com'),(66,'김혜윤','혜윤','010-6789-7890','1996-11-10','사장','hyeyoon.kim@example.com'),(67,'이재욱','재욱','010-7890-8901','1998-05-10','부모','jaewook.lee@example.com'),(68,'고윤정','윤정','010-8901-9012','1996-04-22','사장','younjung.go@example.com'),(69,'황인엽','인엽','010-9012-0123','1991-01-19','부모','inyeop.hwang@example.com'),(70,'정호연','호연','010-0123-1234','1994-06-23','사장','hoyeon.jung@example.com'),(71,'위하준','하준','010-1235-2346','1991-08-05','부모','hajun.wi@example.com'),(72,'이유미','유미','010-2346-3457','1994-07-18','사장','youmi.lee@example.com'),(73,'김민규','민규','010-3457-4568','1994-12-25','부모','mingyu.kim@example.com'),(74,'설인아','인아','010-4568-5679','1996-01-03','사장','ina.seol@example.com'),(75,'송강','강','010-5679-6780','1994-04-23','부모','kang.song@example.com'),(76,'고민시','민시','010-6780-7891','1995-02-15','사장','minsi.go@example.com'),(77,'이도현','도현','010-7891-8902','1995-04-11','부모','dohyun.lee2@example.com'),(78,'박규영','규영','010-8902-9013','1993-07-27','사장','gyuyoung.park@example.com'),(79,'채종협','종협','010-9013-0124','1993-05-19','부모','jonghyeop.chae@example.com'),(80,'정채연','채연','010-0124-1235','1997-12-01','사장','chaeyeon.jung@example.com'),(81,'유승호','승호','010-1236-2347','1993-08-17','부모','seungho.yoo@example.com'),(82,'김소현','소현','010-2347-3458','1999-06-04','사장','sohyun.kim@example.com'),(83,'여진구','진구','010-3458-4569','1997-08-13','부모','jingu.yeo@example.com'),(84,'김향기','향기','010-4569-5670','2000-08-09','사장','hyanggi.kim@example.com'),(85,'남다름','다름','010-5670-6781','2002-06-13','부모','dareum.nam@example.com'),(86,'김새론','새론','010-6781-7892','2000-07-31','사장','saeron.kim@example.com'),(87,'윤찬영','찬영','010-7892-8903','2001-04-25','부모','chanyoung.yoon@example.com'),(88,'박지후','지후','010-8903-9014','2003-11-07','사장','jihun.park2@example.com'),(89,'강훈','훈','010-9014-0125','1991-05-23','부모','hoon.kang@example.com'),(90,'정해인','해인','010-0125-1236','1988-04-01','사장','haein.jung@example.com'),(91,'지수','김지수','010-1237-2348','1995-01-03','부모','jisoo.kim@example.com'),(92,'신혜선','혜선','010-2348-3459','1989-08-31','사장','hyesun.shin@example.com'),(93,'안보현','보현','010-3459-4560','1988-05-16','부모','bohyun.ahn@example.com'),(94,'김다미','다미','010-4560-5671','1995-04-09','사장','dami.kim@example.com'),(95,'최우식','우식','010-5671-6782','1990-03-26','부모','woosik.choi@example.com'),(96,'전소니','소니','010-6782-7893','1991-03-20','사장','sonee.jeon@example.com'),(97,'구교환','교환','010-7893-8904','1982-12-14','부모','kyohwan.koo@example.com'),(98,'한지민','지민','010-8904-9015','1982-11-05','사장','jimin.han@example.com'),(99,'남궁민','궁민','010-9015-0126','1978-03-12','부모','kungmin.nam@example.com'),(100,'박은혜','은혜','010-0126-1237','1977-02-21','사장','eunhye.park@example.com'),(101,'이상엽','상엽','010-1238-2349','1983-05-08','부모','sangyeob.lee@example.com'),(102,'이세영','세영','010-2349-3450','1992-12-20','사장','seyoung.lee@example.com'),(103,'이준호','준호','010-3450-4561','1990-01-25','부모','junho.lee@example.com'),(104,'윤아','임윤아','010-4561-5672','1990-05-30','사장','yoona.lim@example.com'),(105,'권나라','나라','010-5672-6783','1991-03-13','부모','nara.kwon@example.com'),(106,'김명수','명수','010-6783-7894','1992-03-13','사장','myungsoo.kim@example.com'),(107,'신예은','예은','010-7894-8905','1998-01-18','부모','yeeun.shin@example.com'),(108,'옹성우','성우','010-8905-9016','1995-08-25','사장','seongwoo.ong@example.com'),(109,'황민현','민현','010-9016-0127','1995-08-09','부모','minhyun.hwang@example.com'),(110,'정소민','소민','010-0127-1238','1989-03-16','사장','somin.jung@example.com'),(111,'이민기','민기','010-1239-2340','1985-01-16','부모','minki.lee@example.com'),(112,'나나','임진아','010-2340-3451','1991-09-14','사장','nana.lim@example.com'),(113,'장기용','기용','010-3451-4562','1992-08-07','부모','kiyong.jang@example.com'),(114,'혜리','이혜리','010-4562-5673','1994-06-09','사장','hyeri.lee@example.com'),(115,'유연석','연석','010-5673-6784','1984-04-11','부모','yeonseok.yoo@example.com'),(116,'채수빈','수빈','010-6784-7895','1994-07-10','사장','soobin.chae@example.com'),(117,'정경호','경호','010-7895-8906','1983-08-31','부모','kyungho.jung@example.com'),(118,'곽선영','선영','010-8906-9017','1983-05-11','사장','sunyoung.kwak@example.com'),(119,'김대명','대명','010-9017-0128','1980-12-16','부모','daemyung.kim@example.com'),(120,'전미도','미도','010-0128-1239','1982-08-04','사장','mido.jeon@example.com'),(121,'신현빈','현빈','010-1240-2351','1986-04-10','부모','hyunbeen.shin@example.com'),(122,'안은진','은진','010-2351-3462','1991-08-31','사장','eunjin.ahn@example.com'),(123,'배현성','현성','010-3462-4573','1999-05-03','부모','hyunsung.bae@example.com'),(124,'조이현','이현','010-4573-5684','1999-12-08','사장','yihyun.cho@example.com'),(125,'박솔로몬','솔로몬','010-5684-6795','1999-11-11','부모','solomon.park@example.com'),(126,'이은샘','은샘','010-6795-7806','1999-10-10','사장','eunsaem.lee@example.com'),(127,'하승리','승리','010-7806-8917','1995-01-09','부모','seungri.ha@example.com'),(128,'임재혁','재혁','010-8917-9028','1994-05-06','사장','jaehyeok.lim@example.com'),(129,'정석용','석용','010-9028-0139','1970-12-31','부모','seokyong.jung@example.com'),(130,'이정은','정은','010-0139-1240','1970-01-23','사장','jungeun.lee@example.com');
/*!40000 ALTER TABLE `User` ENABLE KEYS */;
UNLOCK TABLES;
/*!40103 SET TIME_ZONE=@OLD_TIME_ZONE */;

/*!40101 SET SQL_MODE=@OLD_SQL_MODE */;
/*!40014 SET FOREIGN_KEY_CHECKS=@OLD_FOREIGN_KEY_CHECKS */;
/*!40014 SET UNIQUE_CHECKS=@OLD_UNIQUE_CHECKS */;
/*!40101 SET CHARACTER_SET_CLIENT=@OLD_CHARACTER_SET_CLIENT */;
/*!40101 SET CHARACTER_SET_RESULTS=@OLD_CHARACTER_SET_RESULTS */;
/*!40101 SET COLLATION_CONNECTION=@OLD_COLLATION_CONNECTION */;
/*!40111 SET SQL_NOTES=@OLD_SQL_NOTES */;

-- Dump completed on 2025-10-30 16:21:44
